거래년도,거래분기,지역구분(1),지역구분(2),규모,항목,값
2014,1Q,서울,계,대형,공실률(%),6.3
2014,1Q,서울,계,대형,동수(동),29
2014,1Q,서울,계,대형,임대료(천원/㎡),24.4
2014,1Q,서울,계,전체,공실률(%),8.9
2014,1Q,서울,계,전체,동수(동),406
2014,1Q,서울,계,전체,임대료(천원/㎡),20.4
2014,1Q,서울,계,중소형,공실률(%),10.4
2014,1Q,서울,계,중소형,동수(동),377
2014,1Q,서울,계,중소형,임대료(천원/㎡),18
2014,1Q,서울,소계(강남지역),대형,공실률(%),6.7
2014,1Q,서울,소계(강남지역),대형,동수(동),5
2014,1Q,서울,소계(강남지역),대형,임대료(천원/㎡),24.4
2014,1Q,서울,소계(강남지역),전체,공실률(%),10.1
2014,1Q,서울,소계(강남지역),전체,동수(동),136
2014,1Q,서울,소계(강남지역),전체,임대료(천원/㎡),21.5
2014,1Q,서울,소계(강남지역),중소형,공실률(%),11
2014,1Q,서울,소계(강남지역),중소형,동수(동),131
2014,1Q,서울,소계(강남지역),중소형,임대료(천원/㎡),20.6
2014,1Q,서울,소계(기타지역),대형,공실률(%),2.9
2014,1Q,서울,소계(기타지역),대형,동수(동),2
2014,1Q,서울,소계(기타지역),대형,임대료(천원/㎡),13.5
2014,1Q,서울,소계(기타지역),전체,공실률(%),10.2
2014,1Q,서울,소계(기타지역),전체,동수(동),75
2014,1Q,서울,소계(기타지역),전체,임대료(천원/㎡),14
2014,1Q,서울,소계(기타지역),중소형,공실률(%),11.7
2014,1Q,서울,소계(기타지역),중소형,동수(동),73
2014,1Q,서울,소계(기타지역),중소형,임대료(천원/㎡),14.1
2014,1Q,서울,소계(도심지역),대형,공실률(%),6.2
2014,1Q,서울,소계(도심지역),대형,동수(동),12
2014,1Q,서울,소계(도심지역),대형,임대료(천원/㎡),28.9
2014,1Q,서울,소계(도심지역),전체,공실률(%),8.2
2014,1Q,서울,소계(도심지역),전체,동수(동),96
2014,1Q,서울,소계(도심지역),전체,임대료(천원/㎡),24.3
2014,1Q,서울,소계(도심지역),중소형,공실률(%),10.2
2014,1Q,서울,소계(도심지역),중소형,동수(동),84
2014,1Q,서울,소계(도심지역),중소형,임대료(천원/㎡),19.3
2014,1Q,서울,소계(여의도마포지역),대형,공실률(%),7.8
2014,1Q,서울,소계(여의도마포지역),대형,동수(동),7
2014,1Q,서울,소계(여의도마포지역),대형,임대료(천원/㎡),22.8
2014,1Q,서울,소계(여의도마포지역),전체,공실률(%),8
2014,1Q,서울,소계(여의도마포지역),전체,동수(동),46
2014,1Q,서울,소계(여의도마포지역),전체,임대료(천원/㎡),18.4
2014,1Q,서울,소계(여의도마포지역),중소형,공실률(%),8.1
2014,1Q,서울,소계(여의도마포지역),중소형,동수(동),39
2014,1Q,서울,소계(여의도마포지역),중소형,임대료(천원/㎡),15
2014,2Q,서울,계,대형,공실률(%),11
2014,2Q,서울,계,대형,동수(동),29
2014,2Q,서울,계,대형,임대료(천원/㎡),24.4
2014,2Q,서울,계,전체,공실률(%),10.4
2014,2Q,서울,계,전체,동수(동),406
2014,2Q,서울,계,전체,임대료(천원/㎡),20.5
2014,2Q,서울,계,중소형,공실률(%),10.1
2014,2Q,서울,계,중소형,동수(동),377
2014,2Q,서울,계,중소형,임대료(천원/㎡),18
2014,2Q,서울,소계(강남지역),대형,공실률(%),6.7
2014,2Q,서울,소계(강남지역),대형,동수(동),5
2014,2Q,서울,소계(강남지역),대형,임대료(천원/㎡),24.4
2014,2Q,서울,소계(강남지역),전체,공실률(%),10.1
2014,2Q,서울,소계(강남지역),전체,동수(동),136
2014,2Q,서울,소계(강남지역),전체,임대료(천원/㎡),21.5
2014,2Q,서울,소계(강남지역),중소형,공실률(%),11.1
2014,2Q,서울,소계(강남지역),중소형,동수(동),131
2014,2Q,서울,소계(강남지역),중소형,임대료(천원/㎡),20.6
2014,2Q,서울,소계(기타지역),대형,공실률(%),3.1
2014,2Q,서울,소계(기타지역),대형,동수(동),2
2014,2Q,서울,소계(기타지역),대형,임대료(천원/㎡),13.5
2014,2Q,서울,소계(기타지역),전체,공실률(%),8.7
2014,2Q,서울,소계(기타지역),전체,동수(동),75
2014,2Q,서울,소계(기타지역),전체,임대료(천원/㎡),14
2014,2Q,서울,소계(기타지역),중소형,공실률(%),9.9
2014,2Q,서울,소계(기타지역),중소형,동수(동),73
2014,2Q,서울,소계(기타지역),중소형,임대료(천원/㎡),14.1
2014,2Q,서울,소계(도심지역),대형,공실률(%),13.8
2014,2Q,서울,소계(도심지역),대형,동수(동),12
2014,2Q,서울,소계(도심지역),대형,임대료(천원/㎡),28.9
2014,2Q,서울,소계(도심지역),전체,공실률(%),12.2
2014,2Q,서울,소계(도심지역),전체,동수(동),96
2014,2Q,서울,소계(도심지역),전체,임대료(천원/㎡),24.3
2014,2Q,서울,소계(도심지역),중소형,공실률(%),10.4
2014,2Q,서울,소계(도심지역),중소형,동수(동),84
2014,2Q,서울,소계(도심지역),중소형,임대료(천원/㎡),19.3
2014,2Q,서울,소계(여의도마포지역),대형,공실률(%),10.2
2014,2Q,서울,소계(여의도마포지역),대형,동수(동),7
2014,2Q,서울,소계(여의도마포지역),대형,임대료(천원/㎡),22.9
2014,2Q,서울,소계(여의도마포지역),전체,공실률(%),8.7
2014,2Q,서울,소계(여의도마포지역),전체,동수(동),46
2014,2Q,서울,소계(여의도마포지역),전체,임대료(천원/㎡),18.4
2014,2Q,서울,소계(여의도마포지역),중소형,공실률(%),7.5
2014,2Q,서울,소계(여의도마포지역),중소형,동수(동),39
2014,2Q,서울,소계(여의도마포지역),중소형,임대료(천원/㎡),15
2014,3Q,서울,계,대형,공실률(%),11.437072854110683
2014,3Q,서울,계,대형,동수(동),29
2014,3Q,서울,계,대형,임대료(천원/㎡),24.466159812321138
2014,3Q,서울,계,전체,공실률(%),10.361159766131072
2014,3Q,서울,계,전체,동수(동),406
2014,3Q,서울,계,전체,임대료(천원/㎡),20.46460815504269
2014,3Q,서울,계,중소형,공실률(%),9.749620721135985
2014,3Q,서울,계,중소형,동수(동),377
2014,3Q,서울,계,중소형,임대료(천원/㎡),17.961925811019363
2014,3Q,서울,소계(강남지역),대형,공실률(%),6.7496253674330955
2014,3Q,서울,소계(강남지역),대형,동수(동),5
2014,3Q,서울,소계(강남지역),대형,임대료(천원/㎡),24.442735359993762
2014,3Q,서울,소계(강남지역),전체,공실률(%),10.317572252564835
2014,3Q,서울,소계(강남지역),전체,동수(동),136
2014,3Q,서울,소계(강남지역),전체,임대료(천원/㎡),21.463762807682343
2014,3Q,서울,소계(강남지역),중소형,공실률(%),11.295033303804953
2014,3Q,서울,소계(강남지역),중소형,동수(동),131
2014,3Q,서울,소계(강남지역),중소형,임대료(천원/㎡),20.55821656503858
2014,3Q,서울,소계(기타지역),대형,공실률(%),3.2757195463886397
2014,3Q,서울,소계(기타지역),대형,동수(동),2
2014,3Q,서울,소계(기타지역),대형,임대료(천원/㎡),13.512242544199404
2014,3Q,서울,소계(기타지역),전체,공실률(%),6.5655783962870595
2014,3Q,서울,소계(기타지역),전체,동수(동),75
2014,3Q,서울,소계(기타지역),전체,임대료(천원/㎡),14.06083008798961
2014,3Q,서울,소계(기타지역),중소형,공실률(%),7.264891248417213
2014,3Q,서울,소계(기타지역),중소형,동수(동),73
2014,3Q,서울,소계(기타지역),중소형,임대료(천원/㎡),14.202792647298446
2014,3Q,서울,소계(도심지역),대형,공실률(%),13.405495941057843
2014,3Q,서울,소계(도심지역),대형,동수(동),12
2014,3Q,서울,소계(도심지역),대형,임대료(천원/㎡),28.95093352945018
2014,3Q,서울,소계(도심지역),전체,공실률(%),12.627791390872526
2014,3Q,서울,소계(도심지역),전체,동수(동),96
2014,3Q,서울,소계(도심지역),전체,임대료(천원/㎡),24.361763074004323
2014,3Q,서울,소계(도심지역),중소형,공실률(%),11.822148423847958
2014,3Q,서울,소계(도심지역),중소형,동수(동),84
2014,3Q,서울,소계(도심지역),중소형,임대료(천원/㎡),19.335620845781186
2014,3Q,서울,소계(여의도마포지역),대형,공실률(%),12.657501678477857
2014,3Q,서울,소계(여의도마포지역),대형,동수(동),7
2014,3Q,서울,소계(여의도마포지역),대형,임대료(천원/㎡),22.946093670129247
2014,3Q,서울,소계(여의도마포지역),전체,공실률(%),8.715646728626023
2014,3Q,서울,소계(여의도마포지역),전체,동수(동),46
2014,3Q,서울,소계(여의도마포지역),전체,임대료(천원/㎡),18.42526015080556
2014,3Q,서울,소계(여의도마포지역),중소형,공실률(%),5.874437066301066
2014,3Q,서울,소계(여의도마포지역),중소형,동수(동),39
2014,3Q,서울,소계(여의도마포지역),중소형,임대료(천원/㎡),15.032746093005906
2014,4Q,서울,계,대형,공실률(%),12.8589374803123
2014,4Q,서울,계,대형,동수(동),29
2014,4Q,서울,계,대형,임대료(천원/㎡),24.449352925327016
2014,4Q,서울,계,전체,공실률(%),10.80637329391233
2014,4Q,서울,계,전체,동수(동),406
2014,4Q,서울,계,전체,임대료(천원/㎡),20.40262261392448
2014,4Q,서울,계,중소형,공실률(%),9.631444287213672
2014,4Q,서울,계,중소형,동수(동),377
2014,4Q,서울,계,중소형,임대료(천원/㎡),17.849817165939836
2014,4Q,서울,소계(강남지역),대형,공실률(%),6.748666192236897
2014,4Q,서울,소계(강남지역),대형,동수(동),5
2014,4Q,서울,소계(강남지역),대형,임대료(천원/㎡),24.452930893771082
2014,4Q,서울,소계(강남지역),전체,공실률(%),10.148636380099047
2014,4Q,서울,소계(강남지역),전체,동수(동),136
2014,4Q,서울,소계(강남지역),전체,임대료(천원/㎡),21.321384894684794
2014,4Q,서울,소계(강남지역),중소형,공실률(%),11.086013943925547
2014,4Q,서울,소계(강남지역),중소형,동수(동),131
2014,4Q,서울,소계(강남지역),중소형,임대료(천원/㎡),20.36171909728436
2014,4Q,서울,소계(기타지역),대형,공실률(%),3.2757195463886397
2014,4Q,서울,소계(기타지역),대형,동수(동),2
2014,4Q,서울,소계(기타지역),대형,임대료(천원/㎡),13.512242544199404
2014,4Q,서울,소계(기타지역),전체,공실률(%),6.977943204495306
2014,4Q,서울,소계(기타지역),전체,동수(동),75
2014,4Q,서울,소계(기타지역),전체,임대료(천원/㎡),14.096183387554975
2014,4Q,서울,소계(기타지역),중소형,공실률(%),7.764910884173794
2014,4Q,서울,소계(기타지역),중소형,동수(동),73
2014,4Q,서울,소계(기타지역),중소형,임대료(천원/㎡),14.247294614096823
2014,4Q,서울,소계(도심지역),대형,공실률(%),17.370293112447218
2014,4Q,서울,소계(도심지역),대형,동수(동),12
2014,4Q,서울,소계(도심지역),대형,임대료(천원/㎡),28.88548376788893
2014,4Q,서울,소계(도심지역),전체,공실률(%),14.108375149699631
2014,4Q,서울,소계(도심지역),전체,동수(동),96
2014,4Q,서울,소계(도심지역),전체,임대료(천원/㎡),24.326883557856885
2014,4Q,서울,소계(도심지역),중소형,공실률(%),10.65672942582171
2014,4Q,서울,소계(도심지역),중소형,동수(동),84
2014,4Q,서울,소계(도심지역),중소형,임대료(천원/㎡),19.211541799283108
2014,4Q,서울,소계(여의도마포지역),대형,공실률(%),12.341821553750027
2014,4Q,서울,소계(여의도마포지역),대형,동수(동),7
2014,4Q,서울,소계(여의도마포지역),대형,임대료(천원/㎡),22.97469104866082
2014,4Q,서울,소계(여의도마포지역),전체,공실률(%),8.410153380404394
2014,4Q,서울,소계(여의도마포지역),전체,동수(동),46
2014,4Q,서울,소계(여의도마포지역),전체,임대료(천원/㎡),18.429664458858614
2014,4Q,서울,소계(여의도마포지역),중소형,공실률(%),5.576286141432292
2014,4Q,서울,소계(여의도마포지역),중소형,동수(동),39
2014,4Q,서울,소계(여의도마포지역),중소형,임대료(천원/㎡),15.018995489724828
2015,1Q,서울,계,대형,공실률(%),15.502249737530926
2015,1Q,서울,계,대형,동수(동),29
2015,1Q,서울,계,대형,임대료(천원/㎡),24.627443328440137
2015,1Q,서울,계,전체,공실률(%),11.989791941058483
2015,1Q,서울,계,전체,동수(동),406
2015,1Q,서울,계,전체,임대료(천원/㎡),20.455496950351474
2015,1Q,서울,계,중소형,공실률(%),9.979081455762023
2015,1Q,서울,계,중소형,동수(동),377
2015,1Q,서울,계,중소형,임대료(천원/㎡),17.82481350541348
2015,1Q,서울,소계(강남지역),대형,공실률(%),5.696745088740219
2015,1Q,서울,소계(강남지역),대형,동수(동),5
2015,1Q,서울,소계(강남지역),대형,임대료(천원/㎡),24.251892596112576
2015,1Q,서울,소계(강남지역),전체,공실률(%),10.639322215068333
2015,1Q,서울,소계(강남지역),전체,동수(동),136
2015,1Q,서울,소계(강남지역),전체,임대료(천원/㎡),21.25199736518535
2015,1Q,서울,소계(강남지역),중소형,공실률(%),12.004046660042576
2015,1Q,서울,소계(강남지역),중소형,동수(동),131
2015,1Q,서울,소계(강남지역),중소형,임대료(천원/㎡),20.33189917855215
2015,1Q,서울,소계(기타지역),대형,공실률(%),6.989969528337306
2015,1Q,서울,소계(기타지역),대형,동수(동),2
2015,1Q,서울,소계(기타지역),대형,임대료(천원/㎡),13.545111415212531
2015,1Q,서울,소계(기타지역),전체,공실률(%),8.131232564912047
2015,1Q,서울,소계(기타지역),전체,동수(동),75
2015,1Q,서울,소계(기타지역),전체,임대료(천원/㎡),14.118830671003346
2015,1Q,서울,소계(기타지역),중소형,공실률(%),8.373826538393699
2015,1Q,서울,소계(기타지역),중소형,동수(동),73
2015,1Q,서울,소계(기타지역),중소형,임대료(천원/㎡),14.267296778006276
2015,1Q,서울,소계(도심지역),대형,공실률(%),16.702003401696107
2015,1Q,서울,소계(도심지역),대형,동수(동),12
2015,1Q,서울,소계(도심지역),대형,임대료(천원/㎡),29.018539527094187
2015,1Q,서울,소계(도심지역),전체,공실률(%),13.413279804109687
2015,1Q,서울,소계(도심지역),전체,동수(동),96
2015,1Q,서울,소계(도심지역),전체,임대료(천원/㎡),24.375512029557648
2015,1Q,서울,소계(도심지역),중소형,공실률(%),9.934295777210215
2015,1Q,서울,소계(도심지역),중소형,동수(동),84
2015,1Q,서울,소계(도심지역),중소형,임대료(천원/㎡),19.16956100870143
2015,1Q,서울,소계(여의도마포지역),대형,공실률(%),12.984432090558471
2015,1Q,서울,소계(여의도마포지역),대형,동수(동),7
2015,1Q,서울,소계(여의도마포지역),대형,임대료(천원/㎡),22.97656983358482
2015,1Q,서울,소계(여의도마포지역),전체,공실률(%),9.185902503743515
2015,1Q,서울,소계(여의도마포지역),전체,동수(동),46
2015,1Q,서울,소계(여의도마포지역),전체,임대료(천원/㎡),18.391734167970466
2015,1Q,서울,소계(여의도마포지역),중소형,공실률(%),6.453728435122205
2015,1Q,서울,소계(여의도마포지역),중소형,동수(동),39
2015,1Q,서울,소계(여의도마포지역),중소형,임대료(천원/㎡),14.959096764678796
2015,2Q,서울,계,대형,공실률(%),10.58301995872288
2015,2Q,서울,계,대형,동수(동),29
2015,2Q,서울,계,대형,임대료(천원/㎡),24.61722482255887
2015,2Q,서울,계,전체,공실률(%),10.24198442081507
2015,2Q,서울,계,전체,동수(동),406
2015,2Q,서울,계,전체,임대료(천원/㎡),20.451718904832774
2015,2Q,서울,계,중소형,공실률(%),10.046767422806466
2015,2Q,서울,계,중소형,동수(동),377
2015,2Q,서울,계,중소형,임대료(천원/㎡),17.82514097275555
2015,2Q,서울,소계(강남지역),대형,공실률(%),6.077619081035056
2015,2Q,서울,소계(강남지역),대형,동수(동),5
2015,2Q,서울,소계(강남지역),대형,임대료(천원/㎡),24.251636758318295
2015,2Q,서울,소계(강남지역),전체,공실률(%),11.034896074110776
2015,2Q,서울,소계(강남지역),전체,동수(동),136
2015,2Q,서울,소계(강남지역),전체,임대료(천원/㎡),21.256144844298014
2015,2Q,서울,소계(강남지역),중소형,공실률(%),12.403679386954064
2015,2Q,서울,소계(강남지역),중소형,동수(동),131
2015,2Q,서울,소계(강남지역),중소형,임대료(천원/㎡),20.33739719946357
2015,2Q,서울,소계(기타지역),대형,공실률(%),6.989969528337306
2015,2Q,서울,소계(기타지역),대형,동수(동),2
2015,2Q,서울,소계(기타지역),대형,임대료(천원/㎡),13.545111415212531
2015,2Q,서울,소계(기타지역),전체,공실률(%),8.177798178035598
2015,2Q,서울,소계(기타지역),전체,동수(동),75
2015,2Q,서울,소계(기타지역),전체,임대료(천원/㎡),14.100719184945664
2015,2Q,서울,소계(기타지역),중소형,공실률(%),8.430290428034779
2015,2Q,서울,소계(기타지역),중소형,동수(동),73
2015,2Q,서울,소계(기타지역),중소형,임대료(천원/㎡),14.244498431955869
2015,2Q,서울,소계(도심지역),대형,공실률(%),12.039864039629869
2015,2Q,서울,소계(도심지역),대형,동수(동),12
2015,2Q,서울,소계(도심지역),대형,임대료(천원/㎡),29.02184803061303
2015,2Q,서울,소계(도심지역),전체,공실률(%),11.102120166825449
2015,2Q,서울,소계(도심지역),전체,동수(동),96
2015,2Q,서울,소계(도심지역),전체,임대료(천원/㎡),24.380698817694494
2015,2Q,서울,소계(도심지역),중소형,공실률(%),10.110328145636023
2015,2Q,서울,소계(도심지역),중소형,동수(동),84
2015,2Q,서울,소계(도심지역),중소형,임대료(천원/㎡),19.177223383639888
2015,2Q,서울,소계(여의도마포지역),대형,공실률(%),12.984432090558471
2015,2Q,서울,소계(여의도마포지역),대형,동수(동),7
2015,2Q,서울,소계(여의도마포지역),대형,임대료(천원/㎡),22.976753692319058
2015,2Q,서울,소계(여의도마포지역),전체,공실률(%),9.149576677995977
2015,2Q,서울,소계(여의도마포지역),전체,동수(동),46
2015,2Q,서울,소계(여의도마포지역),전체,임대료(천원/㎡),18.40103838370062
2015,2Q,서울,소계(여의도마포지역),중소형,공실률(%),6.391274478249093
2015,2Q,서울,소계(여의도마포지역),중소형,동수(동),39
2015,2Q,서울,소계(여의도마포지역),중소형,임대료(천원/㎡),14.975229333885244
2015,3Q,서울,계,대형,공실률(%),10.406294021755134
2015,3Q,서울,계,대형,동수(동),29
2015,3Q,서울,계,대형,임대료(천원/㎡),24.534947197475983
2015,3Q,서울,계,전체,공실률(%),10.098830237742844
2015,3Q,서울,계,전체,동수(동),406
2015,3Q,서울,계,전체,임대료(천원/㎡),20.42076168494692
2015,3Q,서울,계,중소형,공실률(%),9.92219979752431
2015,3Q,서울,계,중소형,동수(동),377
2015,3Q,서울,계,중소형,임대료(천원/㎡),17.818097093208326
2015,3Q,서울,소계(강남지역),대형,공실률(%),9.027345225205513
2015,3Q,서울,소계(강남지역),대형,동수(동),5
2015,3Q,서울,소계(강남지역),대형,임대료(천원/㎡),24.253288436513483
2015,3Q,서울,소계(강남지역),전체,공실률(%),11.529134174922222
2015,3Q,서울,소계(강남지역),전체,동수(동),136
2015,3Q,서울,소계(강남지역),전체,임대료(천원/㎡),21.2718744171163
2015,3Q,서울,소계(강남지역),중소형,공실률(%),12.220596267293619
2015,3Q,서울,소계(강남지역),중소형,동수(동),131
2015,3Q,서울,소계(강남지역),중소형,임대료(천원/㎡),20.356988843377902
2015,3Q,서울,소계(기타지역),대형,공실률(%),15.964738506042547
2015,3Q,서울,소계(기타지역),대형,동수(동),2
2015,3Q,서울,소계(기타지역),대형,임대료(천원/㎡),13.534619575281344
2015,3Q,서울,소계(기타지역),전체,공실률(%),8.958932680501439
2015,3Q,서울,소계(기타지역),전체,동수(동),75
2015,3Q,서울,소계(기타지역),전체,임대료(천원/㎡),14.117908222524745
2015,3Q,서울,소계(기타지역),중소형,공실률(%),7.469734994961905
2015,3Q,서울,소계(기타지역),중소형,동수(동),73
2015,3Q,서울,소계(기타지역),중소형,임대료(천원/㎡),14.268850680601851
2015,3Q,서울,소계(도심지역),대형,공실률(%),9.279511587647413
2015,3Q,서울,소계(도심지역),대형,동수(동),12
2015,3Q,서울,소계(도심지역),대형,임대료(천원/㎡),28.84191082072956
2015,3Q,서울,소계(도심지역),전체,공실률(%),9.789327815766711
2015,3Q,서울,소계(도심지역),전체,동수(동),96
2015,3Q,서울,소계(도심지역),전체,임대료(천원/㎡),24.27752825557981
2015,3Q,서울,소계(도심지역),중소형,공실률(%),10.336220319046511
2015,3Q,서울,소계(도심지역),중소형,동수(동),84
2015,3Q,서울,소계(도심지역),중소형,임대료(천원/㎡),19.093109131027028
2015,3Q,서울,소계(여의도마포지역),대형,공실률(%),12.984432090558471
2015,3Q,서울,소계(여의도마포지역),대형,동수(동),7
2015,3Q,서울,소계(여의도마포지역),대형,임대료(천원/㎡),22.951700162818874
2015,3Q,서울,소계(여의도마포지역),전체,공실률(%),9.25800097007492
2015,3Q,서울,소계(여의도마포지역),전체,동수(동),46
2015,3Q,서울,소계(여의도마포지역),전체,임대료(천원/㎡),18.400940043351603
2015,3Q,서울,소계(여의도마포지역),중소형,공실률(%),6.577685273383049
2015,3Q,서울,소계(여의도마포지역),중소형,동수(동),39
2015,3Q,서울,소계(여의도마포지역),중소형,임대료(천원/㎡),14.993814785483004
2015,4Q,서울,계,대형,공실률(%),10.073323185568288
2015,4Q,서울,계,대형,동수(동),29
2015,4Q,서울,계,대형,임대료(천원/㎡),24.5888906678039
2015,4Q,서울,계,전체,공실률(%),10.157433171638987
2015,4Q,서울,계,전체,동수(동),406
2015,4Q,서울,계,전체,임대료(천원/㎡),20.45969219927521
2015,4Q,서울,계,중소형,공실률(%),10.20587786258059
2015,4Q,서울,계,중소형,동수(동),377
2015,4Q,서울,계,중소형,임대료(천원/㎡),17.838363172563295
2015,4Q,서울,소계(강남지역),대형,공실률(%),9.253252350001533
2015,4Q,서울,소계(강남지역),대형,동수(동),5
2015,4Q,서울,소계(강남지역),대형,임대료(천원/㎡),24.516665672814174
2015,4Q,서울,소계(강남지역),전체,공실률(%),11.496846764740502
2015,4Q,서울,소계(강남지역),전체,동수(동),136
2015,4Q,서울,소계(강남지역),전체,임대료(천원/㎡),21.317389064084843
2015,4Q,서울,소계(강남지역),중소형,공실률(%),12.116824532531712
2015,4Q,서울,소계(강남지역),중소형,동수(동),131
2015,4Q,서울,소계(강남지역),중소형,임대료(천원/㎡),20.33590244003506
2015,4Q,서울,소계(기타지역),대형,공실률(%),15.964738506042547
2015,4Q,서울,소계(기타지역),대형,동수(동),2
2015,4Q,서울,소계(기타지역),대형,임대료(천원/㎡),13.534619575281344
2015,4Q,서울,소계(기타지역),전체,공실률(%),8.317574821370464
2015,4Q,서울,소계(기타지역),전체,동수(동),75
2015,4Q,서울,소계(기타지역),전체,임대료(천원/㎡),14.088893255994126
2015,4Q,서울,소계(기타지역),중소형,공실률(%),6.692046117928836
2015,4Q,서울,소계(기타지역),중소형,동수(동),73
2015,4Q,서울,소계(기타지역),중소형,임대료(천원/㎡),14.232327269684642
2015,4Q,서울,소계(도심지역),대형,공실률(%),8.357498378241932
2015,4Q,서울,소계(도심지역),대형,동수(동),12
2015,4Q,서울,소계(도심지역),대형,임대료(천원/㎡),28.829260156870593
2015,4Q,서울,소계(도심지역),전체,공실률(%),10.68037440833801
2015,4Q,서울,소계(도심지역),전체,동수(동),96
2015,4Q,서울,소계(도심지역),전체,임대료(천원/㎡),24.367256330336122
2015,4Q,서울,소계(도심지역),중소형,공실률(%),13.199124711111395
2015,4Q,서울,소계(도심지역),중소형,동수(동),84
2015,4Q,서울,소계(도심지역),중소형,임대료(천원/㎡),19.234906181924302
2015,4Q,서울,소계(여의도마포지역),대형,공실률(%),12.984432090558471
2015,4Q,서울,소계(여의도마포지역),대형,동수(동),7
2015,4Q,서울,소계(여의도마포지역),대형,임대료(천원/㎡),23.02159721908727
2015,4Q,서울,소계(여의도마포지역),전체,공실률(%),9.436788322546288
2015,4Q,서울,소계(여의도마포지역),전체,동수(동),46
2015,4Q,서울,소계(여의도마포지역),전체,임대료(천원/㎡),18.434998314055687
2015,4Q,서울,소계(여의도마포지역),중소형,공실률(%),6.885069272808357
2015,4Q,서울,소계(여의도마포지역),중소형,동수(동),39
2015,4Q,서울,소계(여의도마포지역),중소형,임대료(천원/㎡),15.001040784588078
2016,1Q,서울,계,대형,공실률(%),9.877949487658954
2016,1Q,서울,계,대형,동수(동),29
2016,1Q,서울,계,대형,임대료(천원/㎡),24.767748839056267
2016,1Q,서울,계,전체,공실률(%),10.122293231822324
2016,1Q,서울,계,전체,동수(동),406
2016,1Q,서울,계,전체,임대료(천원/㎡),20.474862592086925
2016,1Q,서울,계,중소형,공실률(%),10.261891298418483
2016,1Q,서울,계,중소형,동수(동),377
2016,1Q,서울,계,중소형,임대료(천원/㎡),17.770493396938257
2016,1Q,서울,소계(강남지역),대형,공실률(%),7.081078253935807
2016,1Q,서울,소계(강남지역),대형,동수(동),5
2016,1Q,서울,소계(강남지역),대형,임대료(천원/㎡),24.30673818016136
2016,1Q,서울,소계(강남지역),전체,공실률(%),10.415022901895233
2016,1Q,서울,소계(강남지역),전체,동수(동),136
2016,1Q,서울,소계(강남지역),전체,임대료(천원/㎡),21.239818900732505
2016,1Q,서울,소계(강남지역),중소형,공실률(%),11.336376891848285
2016,1Q,서울,소계(강남지역),중소형,동수(동),131
2016,1Q,서울,소계(강남지역),중소형,임대료(천원/㎡),20.2989373772073
2016,1Q,서울,소계(기타지역),대형,공실률(%),18.749879078194585
2016,1Q,서울,소계(기타지역),대형,동수(동),2
2016,1Q,서울,소계(기타지역),대형,임대료(천원/㎡),13.640163597763802
2016,1Q,서울,소계(기타지역),전체,공실률(%),9.49497369140397
2016,1Q,서울,소계(기타지역),전체,동수(동),75
2016,1Q,서울,소계(기타지역),전체,임대료(천원/㎡),14.118493180398595
2016,1Q,서울,소계(기타지역),중소형,공실률(%),7.527693406293949
2016,1Q,서울,소계(기타지역),중소형,동수(동),73
2016,1Q,서울,소계(기타지역),중소형,임대료(천원/㎡),14.24227450301997
2016,1Q,서울,소계(도심지역),대형,공실률(%),8.248081806664228
2016,1Q,서울,소계(도심지역),대형,동수(동),12
2016,1Q,서울,소계(도심지역),대형,임대료(천원/㎡),29.38285459055242
2016,1Q,서울,소계(도심지역),전체,공실률(%),10.93894575977398
2016,1Q,서울,소계(도심지역),전체,동수(동),96
2016,1Q,서울,소계(도심지역),전체,임대료(천원/㎡),24.486377651977367
2016,1Q,서울,소계(도심지역),중소형,공실률(%),13.803574329336834
2016,1Q,서울,소계(도심지역),중소형,동수(동),84
2016,1Q,서울,소계(도심지역),중소형,임대료(천원/㎡),18.9459297777683
2016,1Q,서울,소계(여의도마포지역),대형,공실률(%),13.684975824229689
2016,1Q,서울,소계(여의도마포지역),대형,동수(동),7
2016,1Q,서울,소계(여의도마포지역),대형,임대료(천원/㎡),23.056743710595235
2016,1Q,서울,소계(여의도마포지역),전체,공실률(%),9.422661041161215
2016,1Q,서울,소계(여의도마포지역),전체,동수(동),46
2016,1Q,서울,소계(여의도마포지역),전체,임대료(천원/㎡),18.453803458477527
2016,1Q,서울,소계(여의도마포지역),중소형,공실률(%),6.357095250198381
2016,1Q,서울,소계(여의도마포지역),중소형,동수(동),39
2016,1Q,서울,소계(여의도마포지역),중소형,임대료(천원/㎡),15.007611266021076
2016,2Q,서울,계,대형,공실률(%),10.11525338232119
2016,2Q,서울,계,대형,동수(동),29
2016,2Q,서울,계,대형,임대료(천원/㎡),24.77281785983395
2016,2Q,서울,계,전체,공실률(%),10.174031411204078
2016,2Q,서울,계,전체,동수(동),406
2016,2Q,서울,계,전체,임대료(천원/㎡),20.469727402022734
2016,2Q,서울,계,중소형,공실률(%),10.207612382238008
2016,2Q,서울,계,중소형,동수(동),377
2016,2Q,서울,계,중소형,임대료(천원/㎡),17.758252111826565
2016,2Q,서울,소계(강남지역),대형,공실률(%),6.085798390630923
2016,2Q,서울,소계(강남지역),대형,동수(동),5
2016,2Q,서울,소계(강남지역),대형,임대료(천원/㎡),24.3105314725557
2016,2Q,서울,소계(강남지역),전체,공실률(%),9.960249097479219
2016,2Q,서울,소계(강남지역),전체,동수(동),136
2016,2Q,서울,소계(강남지역),전체,임대료(천원/㎡),21.211549637635752
2016,2Q,서울,소계(강남지역),중소형,공실률(%),11.030974917662226
2016,2Q,서울,소계(강남지역),중소형,동수(동),131
2016,2Q,서울,소계(강남지역),중소형,임대료(천원/㎡),20.26083183760307
2016,2Q,서울,소계(기타지역),대형,공실률(%),19.61449685843569
2016,2Q,서울,소계(기타지역),대형,동수(동),2
2016,2Q,서울,소계(기타지역),대형,임대료(천원/㎡),13.67523485413303
2016,2Q,서울,소계(기타지역),전체,공실률(%),9.525538609701004
2016,2Q,서울,소계(기타지역),전체,동수(동),75
2016,2Q,서울,소계(기타지역),전체,임대료(천원/㎡),14.128185052819548
2016,2Q,서울,소계(기타지역),중소형,공실률(%),7.380966857691269
2016,2Q,서울,소계(기타지역),중소형,동수(동),73
2016,2Q,서울,소계(기타지역),중소형,임대료(천원/㎡),14.245398741268835
2016,2Q,서울,소계(도심지역),대형,공실률(%),9.07726138373737
2016,2Q,서울,소계(도심지역),대형,동수(동),12
2016,2Q,서울,소계(도심지역),대형,임대료(천원/㎡),29.38243660719988
2016,2Q,서울,소계(도심지역),전체,공실률(%),11.475267476312553
2016,2Q,서울,소계(도심지역),전체,동수(동),96
2016,2Q,서울,소계(도심지역),전체,임대료(천원/㎡),24.48396477121391
2016,2Q,서울,소계(도심지역),중소형,공실률(%),14.028128045455194
2016,2Q,서울,소계(도심지역),중소형,동수(동),84
2016,2Q,서울,소계(도심지역),중소형,임대료(천원/㎡),18.935307212040392
2016,2Q,서울,소계(여의도마포지역),대형,공실률(%),13.684975824229689
2016,2Q,서울,소계(여의도마포지역),대형,동수(동),7
2016,2Q,서울,소계(여의도마포지역),대형,임대료(천원/㎡),23.067421990357346
2016,2Q,서울,소계(여의도마포지역),전체,공실률(%),9.551964251599196
2016,2Q,서울,소계(여의도마포지역),전체,동수(동),46
2016,2Q,서울,소계(여의도마포지역),전체,임대료(천원/㎡),18.468248405595443
2016,2Q,서울,소계(여의도마포지역),중소형,공실률(%),6.579396636218081
2016,2Q,서울,소계(여의도마포지역),중소형,동수(동),39
2016,2Q,서울,소계(여의도마포지역),중소형,임대료(천원/㎡),15.024876293114431
2016,3Q,서울,계,대형,공실률(%),9.496037158057964
2016,3Q,서울,계,대형,동수(동),29
2016,3Q,서울,계,대형,임대료(천원/㎡),24.6903854341456
2016,3Q,서울,계,전체,공실률(%),9.402898690438192
2016,3Q,서울,계,전체,동수(동),406
2016,3Q,서울,계,전체,임대료(천원/㎡),20.39786943775226
2016,3Q,서울,계,중소형,공실률(%),9.349713172364618
2016,3Q,서울,계,중소형,동수(동),377
2016,3Q,서울,계,중소형,임대료(천원/㎡),17.694308537339005
2016,3Q,서울,소계(강남지역),대형,공실률(%),4.143179319678843
2016,3Q,서울,소계(강남지역),대형,동수(동),5
2016,3Q,서울,소계(강남지역),대형,임대료(천원/㎡),24.309935821193736
2016,3Q,서울,소계(강남지역),전체,공실률(%),8.975090350040269
2016,3Q,서울,소계(강남지역),전체,동수(동),136
2016,3Q,서울,소계(강남지역),전체,임대료(천원/㎡),21.132045293002243
2016,3Q,서울,소계(강남지역),중소형,공실률(%),10.31041561095799
2016,3Q,서울,소계(강남지역),중소형,동수(동),131
2016,3Q,서울,소계(강남지역),중소형,임대료(천원/㎡),20.157119574605783
2016,3Q,서울,소계(기타지역),대형,공실률(%),23.288496476291172
2016,3Q,서울,소계(기타지역),대형,동수(동),2
2016,3Q,서울,소계(기타지역),대형,임대료(천원/㎡),13.515568145638277
2016,3Q,서울,소계(기타지역),전체,공실률(%),9.533443635712551
2016,3Q,서울,소계(기타지역),전체,동수(동),75
2016,3Q,서울,소계(기타지역),전체,임대료(천원/㎡),14.08626180520923
2016,3Q,서울,소계(기타지역),중소형,공실률(%),6.609584002037712
2016,3Q,서울,소계(기타지역),중소형,동수(동),73
2016,3Q,서울,소계(기타지역),중소형,임대료(천원/㎡),14.234241404541812
2016,3Q,서울,소계(도심지역),대형,공실률(%),7.8362573591794575
2016,3Q,서울,소계(도심지역),대형,동수(동),12
2016,3Q,서울,소계(도심지역),대형,임대료(천원/㎡),29.185867363038682
2016,3Q,서울,소계(도심지역),전체,공실률(%),10.27376001952347
2016,3Q,서울,소계(도심지역),전체,동수(동),96
2016,3Q,서울,소계(도심지역),전체,임대료(천원/㎡),24.336161842898544
2016,3Q,서울,소계(도심지역),중소형,공실률(%),12.863025394630471
2016,3Q,서울,소계(도심지역),중소형,동수(동),84
2016,3Q,서울,소계(도심지역),중소형,임대료(천원/㎡),18.856488555675867
2016,3Q,서울,소계(여의도마포지역),대형,공실률(%),13.711330692990822
2016,3Q,서울,소계(여의도마포지역),대형,동수(동),7
2016,3Q,서울,소계(여의도마포지역),대형,임대료(천원/㎡),23.114260389836225
2016,3Q,서울,소계(여의도마포지역),전체,공실률(%),9.149467028505201
2016,3Q,서울,소계(여의도마포지역),전체,동수(동),46
2016,3Q,서울,소계(여의도마포지역),전체,임대료(천원/㎡),18.482281274346203
2016,3Q,서울,소계(여의도마포지역),중소형,공실률(%),5.868458021747661
2016,3Q,서울,소계(여의도마포지역),중소형,동수(동),39
2016,3Q,서울,소계(여의도마포지역),중소형,임대료(천원/㎡),15.014347868936696
2016,4Q,서울,계,대형,공실률(%),8.734705977087552
2016,4Q,서울,계,대형,동수(동),29
2016,4Q,서울,계,대형,임대료(천원/㎡),24.798508495644263
2016,4Q,서울,계,전체,공실률(%),9.43866123997001
2016,4Q,서울,계,전체,동수(동),406
2016,4Q,서울,계,전체,임대료(천원/㎡),20.4340679775832
2016,4Q,서울,계,중소형,공실률(%),9.840648621826746
2016,4Q,서울,계,중소형,동수(동),377
2016,4Q,서울,계,중소형,임대료(천원/㎡),17.684890908256754
2016,4Q,서울,소계(강남지역),대형,공실률(%),4.034769915166395
2016,4Q,서울,소계(강남지역),대형,동수(동),5
2016,4Q,서울,소계(강남지역),대형,임대료(천원/㎡),24.282267228859407
2016,4Q,서울,소계(강남지역),전체,공실률(%),8.587050350352964
2016,4Q,서울,소계(강남지역),전체,동수(동),136
2016,4Q,서울,소계(강남지역),전체,임대료(천원/㎡),21.11393524073466
2016,4Q,서울,소계(강남지역),중소형,공실률(%),9.845098154149436
2016,4Q,서울,소계(강남지역),중소형,동수(동),131
2016,4Q,서울,소계(강남지역),중소형,임대료(천원/㎡),20.14194192874387
2016,4Q,서울,소계(기타지역),대형,공실률(%),18.120668391248714
2016,4Q,서울,소계(기타지역),대형,동수(동),2
2016,4Q,서울,소계(기타지역),대형,임대료(천원/㎡),13.524094926915883
2016,4Q,서울,소계(기타지역),전체,공실률(%),9.431230274981631
2016,4Q,서울,소계(기타지역),전체,동수(동),75
2016,4Q,서울,소계(기타지역),전체,임대료(천원/㎡),14.080611829796197
2016,4Q,서울,소계(기타지역),중소형,공실률(%),7.584149231969069
2016,4Q,서울,소계(기타지역),중소형,동수(동),73
2016,4Q,서울,소계(기타지역),중소형,임대료(천원/㎡),14.22518960774196
2016,4Q,서울,소계(도심지역),대형,공실률(%),6.7880992561153635
2016,4Q,서울,소계(도심지역),대형,동수(동),12
2016,4Q,서울,소계(도심지역),대형,임대료(천원/㎡),29.45470435646405
2016,4Q,서울,소계(도심지역),전체,공실률(%),10.377449987114568
2016,4Q,서울,소계(도심지역),전체,동수(동),96
2016,4Q,서울,소계(도심지역),전체,임대료(천원/㎡),24.469827075256955
2016,4Q,서울,소계(도심지역),중소형,공실률(%),14.190397724747648
2016,4Q,서울,소계(도심지역),중소형,동수(동),84
2016,4Q,서울,소계(도심지역),중소형,임대료(천원/㎡),18.837423465496258
2016,4Q,서울,소계(여의도마포지역),대형,공실률(%),13.711330692990822
2016,4Q,서울,소계(여의도마포지역),대형,동수(동),7
2016,4Q,서울,소계(여의도마포지역),대형,임대료(천원/㎡),23.118678264201947
2016,4Q,서울,소계(여의도마포지역),전체,공실률(%),9.644061583620857
2016,4Q,서울,소계(여의도마포지역),전체,동수(동),46
2016,4Q,서울,소계(여의도마포지역),전체,임대료(천원/㎡),18.4876635669855
2016,4Q,서울,소계(여의도마포지역),중소형,공실률(%),6.718777629030274
2016,4Q,서울,소계(여의도마포지역),중소형,동수(동),39
2016,4Q,서울,소계(여의도마포지역),중소형,임대료(천원/㎡),15.020452215424754
2017,1Q,서울,계,대형,공실률(%),10.817330360885947
2017,1Q,서울,계,대형,동수(동),58
2017,1Q,서울,계,대형,임대료(천원/㎡),25.0460639668287
2017,1Q,서울,계,전체,공실률(%),9.834086552715043
2017,1Q,서울,계,전체,동수(동),404
2017,1Q,서울,계,전체,임대료(천원/㎡),22.38603600833297
2017,1Q,서울,계,중소형,공실률(%),8.453205222210885
2017,1Q,서울,계,중소형,동수(동),346
2017,1Q,서울,계,중소형,임대료(천원/㎡),18.231678534452776
2017,1Q,서울,소계(강남지역),대형,공실률(%),5.796661241877006
2017,1Q,서울,소계(강남지역),대형,동수(동),14
2017,1Q,서울,소계(강남지역),대형,임대료(천원/㎡),24.987032707303246
2017,1Q,서울,소계(강남지역),전체,공실률(%),6.261026866020604
2017,1Q,서울,소계(강남지역),전체,동수(동),133
2017,1Q,서울,소계(강남지역),전체,임대료(천원/㎡),22.593584073782498
2017,1Q,서울,소계(강남지역),중소형,공실률(%),6.650522456966685
2017,1Q,서울,소계(강남지역),중소형,동수(동),119
2017,1Q,서울,소계(강남지역),중소형,임대료(천원/㎡),20.316638393216476
2017,1Q,서울,소계(기타지역),대형,공실률(%),26.28110835219305
2017,1Q,서울,소계(기타지역),대형,동수(동),2
2017,1Q,서울,소계(기타지역),대형,임대료(천원/㎡),12.376524223787287
2017,1Q,서울,소계(기타지역),전체,공실률(%),11.717584547472411
2017,1Q,서울,소계(기타지역),전체,동수(동),76
2017,1Q,서울,소계(기타지역),전체,임대료(천원/㎡),13.677630239639841
2017,1Q,서울,소계(기타지역),중소형,공실률(%),8.024258531415644
2017,1Q,서울,소계(기타지역),중소형,동수(동),74
2017,1Q,서울,소계(기타지역),중소형,임대료(천원/㎡),14.093883127864414
2017,1Q,서울,소계(도심지역),대형,공실률(%),11.26205989534426
2017,1Q,서울,소계(도심지역),대형,동수(동),19
2017,1Q,서울,소계(도심지역),대형,임대료(천원/㎡),31.09377620381769
2017,1Q,서울,소계(도심지역),전체,공실률(%),11.807049018793613
2017,1Q,서울,소계(도심지역),전체,동수(동),97
2017,1Q,서울,소계(도심지역),전체,임대료(천원/㎡),28.142783002163085
2017,1Q,서울,소계(도심지역),중소형,공실률(%),13.037903684366547
2017,1Q,서울,소계(도심지역),중소형,동수(동),78
2017,1Q,서울,소계(도심지역),중소형,임대료(천원/㎡),20.820997666206996
2017,1Q,서울,소계(여의도마포지역),대형,공실률(%),10.91894288111067
2017,1Q,서울,소계(여의도마포지역),대형,동수(동),8
2017,1Q,서울,소계(여의도마포지역),대형,임대료(천원/㎡),22.93591240618316
2017,1Q,서울,소계(여의도마포지역),전체,공실률(%),8.914730634187034
2017,1Q,서울,소계(여의도마포지역),전체,동수(동),47
2017,1Q,서울,소계(여의도마포지역),전체,임대료(천원/㎡),18.94791612575422
2017,1Q,서울,소계(여의도마포지역),중소형,공실률(%),6.951303770170967
2017,1Q,서울,소계(여의도마포지역),중소형,동수(동),39
2017,1Q,서울,소계(여의도마포지역),중소형,임대료(천원/㎡),14.868033053149725
2017,2Q,서울,계,대형,공실률(%),13.208042721940386
2017,2Q,서울,계,대형,동수(동),58
2017,2Q,서울,계,대형,임대료(천원/㎡),25.135785183129947
2017,2Q,서울,계,전체,공실률(%),11.319652659822934
2017,2Q,서울,계,전체,동수(동),404
2017,2Q,서울,계,전체,임대료(천원/㎡),22.471995720654995
2017,2Q,서울,계,중소형,공실률(%),8.668487489237336
2017,2Q,서울,계,중소형,동수(동),346
2017,2Q,서울,계,중소형,임대료(천원/㎡),18.308666478974253
2017,2Q,서울,소계(강남지역),대형,공실률(%),9.342927609811829
2017,2Q,서울,소계(강남지역),대형,동수(동),14
2017,2Q,서울,소계(강남지역),대형,임대료(천원/㎡),25.760896020532254
2017,2Q,서울,소계(강남지역),전체,공실률(%),8.35756295560869
2017,2Q,서울,소계(강남지역),전체,동수(동),133
2017,2Q,서울,소계(강남지역),전체,임대료(천원/㎡),23.113285361444042
2017,2Q,서울,소계(강남지역),중소형,공실률(%),7.532073715792972
2017,2Q,서울,소계(강남지역),중소형,동수(동),119
2017,2Q,서울,소계(강남지역),중소형,임대료(천원/㎡),20.594340840235386
2017,2Q,서울,소계(기타지역),대형,공실률(%),24.960759576867666
2017,2Q,서울,소계(기타지역),대형,동수(동),2
2017,2Q,서울,소계(기타지역),대형,임대료(천원/㎡),12.373511969606295
2017,2Q,서울,소계(기타지역),전체,공실률(%),12.569480833951447
2017,2Q,서울,소계(기타지역),전체,동수(동),76
2017,2Q,서울,소계(기타지역),전체,임대료(천원/㎡),13.666084270194538
2017,2Q,서울,소계(기타지역),중소형,공실률(%),9.427038608630308
2017,2Q,서울,소계(기타지역),중소형,동수(동),74
2017,2Q,서울,소계(기타지역),중소형,임대료(천원/㎡),14.079822385691108
2017,2Q,서울,소계(도심지역),대형,공실률(%),15.094580525197252
2017,2Q,서울,소계(도심지역),대형,동수(동),19
2017,2Q,서울,소계(도심지역),대형,임대료(천원/㎡),31.0676990063921
2017,2Q,서울,소계(도심지역),전체,공실률(%),14.172994530351529
2017,2Q,서울,소계(도심지역),전체,동수(동),97
2017,2Q,서울,소계(도심지역),전체,임대료(천원/㎡),28.09580747824365
2017,2Q,서울,소계(도심지역),중소형,공실률(%),12.091598090174793
2017,2Q,서울,소계(도심지역),중소형,동수(동),78
2017,2Q,서울,소계(도심지역),중소형,임대료(천원/㎡),20.72217076547555
2017,2Q,서울,소계(여의도마포지역),대형,공실률(%),14.945934842908956
2017,2Q,서울,소계(여의도마포지역),대형,동수(동),8
2017,2Q,서울,소계(여의도마포지역),대형,임대료(천원/㎡),22.974360922624268
2017,2Q,서울,소계(여의도마포지역),전체,공실률(%),10.900320638228909
2017,2Q,서울,소계(여의도마포지역),전체,동수(동),47
2017,2Q,서울,소계(여의도마포지역),전체,임대료(천원/㎡),18.983199198269133
2017,2Q,서울,소계(여의도마포지역),중소형,공실률(%),6.937034003738822
2017,2Q,서울,소계(여의도마포지역),중소형,동수(동),39
2017,2Q,서울,소계(여의도마포지역),중소형,임대료(천원/㎡),14.89934470022357
2017,3Q,서울,계,대형,공실률(%),12.657123347861646
2017,3Q,서울,계,대형,동수(동),58
2017,3Q,서울,계,대형,임대료(천원/㎡),25.001314570744704
2017,3Q,서울,계,전체,공실률(%),10.889422444351897
2017,3Q,서울,계,전체,동수(동),404
2017,3Q,서울,계,전체,임대료(천원/㎡),22.368655559758203
2017,3Q,서울,계,중소형,공실률(%),8.407696257897177
2017,3Q,서울,계,중소형,동수(동),346
2017,3Q,서울,계,중소형,임대료(천원/㎡),18.25174118938486
2017,3Q,서울,소계(강남지역),대형,공실률(%),11.443547565142461
2017,3Q,서울,소계(강남지역),대형,동수(동),14
2017,3Q,서울,소계(강남지역),대형,임대료(천원/㎡),25.22392620221789
2017,3Q,서울,소계(강남지역),전체,공실률(%),8.574953097295419
2017,3Q,서울,소계(강남지역),전체,동수(동),133
2017,3Q,서울,소계(강남지역),전체,임대료(천원/㎡),22.819774851254365
2017,3Q,서울,소계(강남지역),중소형,공실률(%),6.171788079652664
2017,3Q,서울,소계(강남지역),중소형,동수(동),119
2017,3Q,서울,소계(강남지역),중소형,임대료(천원/㎡),20.5251430338919
2017,3Q,서울,소계(기타지역),대형,공실률(%),22.755059842154214
2017,3Q,서울,소계(기타지역),대형,동수(동),2
2017,3Q,서울,소계(기타지역),대형,임대료(천원/㎡),12.264290396928168
2017,3Q,서울,소계(기타지역),전체,공실률(%),11.975962565427277
2017,3Q,서울,소계(기타지역),전체,동수(동),76
2017,3Q,서울,소계(기타지역),전체,임대료(천원/㎡),13.657420811991795
2017,3Q,서울,소계(기타지역),중소형,공실률(%),9.24237137310623
2017,3Q,서울,소계(기타지역),중소형,동수(동),74
2017,3Q,서울,소계(기타지역),중소형,임대료(천원/㎡),14.103346469153927
2017,3Q,서울,소계(도심지역),대형,공실률(%),13.061150385136685
2017,3Q,서울,소계(도심지역),대형,동수(동),19
2017,3Q,서울,소계(도심지역),대형,임대료(천원/㎡),31.052793720475364
2017,3Q,서울,소계(도심지역),전체,공실률(%),12.959721720512299
2017,3Q,서울,소계(도심지역),전체,동수(동),97
2017,3Q,서울,소계(도심지역),전체,임대료(천원/㎡),28.0849017157359
2017,3Q,서울,소계(도심지역),중소형,공실률(%),12.730645689993397
2017,3Q,서울,소계(도심지역),중소형,동수(동),78
2017,3Q,서울,소계(도심지역),중소형,임대료(천원/㎡),20.721687909903928
2017,3Q,서울,소계(여의도마포지역),대형,공실률(%),15.532373869995252
2017,3Q,서울,소계(여의도마포지역),대형,동수(동),8
2017,3Q,서울,소계(여의도마포지역),대형,임대료(천원/㎡),22.983388366601535
2017,3Q,서울,소계(여의도마포지역),전체,공실률(%),11.235437303797942
2017,3Q,서울,소계(여의도마포지역),전체,동수(동),47
2017,3Q,서울,소계(여의도마포지역),전체,임대료(천원/㎡),18.987046157519487
2017,3Q,서울,소계(여의도마포지역),중소형,공실률(%),7.0259426756742585
2017,3Q,서울,소계(여의도마포지역),중소형,동수(동),39
2017,3Q,서울,소계(여의도마포지역),중소형,임대료(천원/㎡),14.89789086052986
2017,4Q,서울,계,대형,공실률(%),11.542071983396553
2017,4Q,서울,계,대형,동수(동),58
2017,4Q,서울,계,대형,임대료(천원/㎡),25.04396052344194
2017,4Q,서울,계,전체,공실률(%),10.49538116676042
2017,4Q,서울,계,전체,동수(동),404
2017,4Q,서울,계,전체,임대료(천원/㎡),22.398024630726532
2017,4Q,서울,계,중소형,공실률(%),9.025820589619771
2017,4Q,서울,계,중소형,동수(동),346
2017,4Q,서울,계,중소형,임대료(천원/㎡),18.260468268449515
2017,4Q,서울,소계(강남지역),대형,공실률(%),9.768333979663664
2017,4Q,서울,소계(강남지역),대형,동수(동),14
2017,4Q,서울,소계(강남지역),대형,임대료(천원/㎡),25.21945499814924
2017,4Q,서울,소계(강남지역),전체,공실률(%),8.886075848639358
2017,4Q,서울,소계(강남지역),전체,동수(동),133
2017,4Q,서울,소계(강남지역),전체,임대료(천원/㎡),22.832097259905172
2017,4Q,서울,소계(강남지역),중소형,공실률(%),8.14696409869592
2017,4Q,서울,소계(강남지역),중소형,동수(동),119
2017,4Q,서울,소계(강남지역),중소형,임대료(천원/㎡),20.553502310710343
2017,4Q,서울,소계(기타지역),대형,공실률(%),24.248981982500748
2017,4Q,서울,소계(기타지역),대형,동수(동),2
2017,4Q,서울,소계(기타지역),대형,임대료(천원/㎡),12.274546356373174
2017,4Q,서울,소계(기타지역),전체,공실률(%),11.692886757113362
2017,4Q,서울,소계(기타지역),전체,동수(동),76
2017,4Q,서울,소계(기타지역),전체,임대료(천원/㎡),13.655801651939585
2017,4Q,서울,소계(기타지역),중소형,공실률(%),8.50748877138772
2017,4Q,서울,소계(기타지역),중소형,동수(동),74
2017,4Q,서울,소계(기타지역),중소형,임대료(천원/㎡),14.098435126663027
2017,4Q,서울,소계(도심지역),대형,공실률(%),12.898006010924973
2017,4Q,서울,소계(도심지역),대형,동수(동),19
2017,4Q,서울,소계(도심지역),대형,임대료(천원/㎡),31.154386096271878
2017,4Q,서울,소계(도심지역),전체,공실률(%),12.798386816828557
2017,4Q,서울,소계(도심지역),전체,동수(동),97
2017,4Q,서울,소계(도심지역),전체,임대료(천원/㎡),28.155624914195617
2017,4Q,서울,소계(도심지역),중소형,공실률(%),12.573397464640909
2017,4Q,서울,소계(도심지역),중소형,동수(동),78
2017,4Q,서울,소계(도심지역),중소형,임대료(천원/㎡),20.71582599260541
2017,4Q,서울,소계(여의도마포지역),대형,공실률(%),14.303117735255059
2017,4Q,서울,소계(여의도마포지역),대형,동수(동),8
2017,4Q,서울,소계(여의도마포지역),대형,임대료(천원/㎡),22.979837564686584
2017,4Q,서울,소계(여의도마포지역),전체,공실률(%),10.863097936060889
2017,4Q,서울,소계(여의도마포지역),전체,동수(동),47
2017,4Q,서울,소계(여의도마포지역),전체,임대료(천원/㎡),18.952834876568158
2017,4Q,서울,소계(여의도마포지역),중소형,공실률(%),7.49308196252696
2017,4Q,서울,소계(여의도마포지역),중소형,동수(동),39
2017,4Q,서울,소계(여의도마포지역),중소형,임대료(천원/㎡),14.833888102009102
2018,1Q,서울,계,대형,공실률(%),13.285913766869099
2018,1Q,서울,계,대형,동수(동),58
2018,1Q,서울,계,대형,임대료(천원/㎡),24.97564175424341
2018,1Q,서울,계,전체,공실률(%),11.871594026635254
2018,1Q,서울,계,전체,동수(동),404
2018,1Q,서울,계,전체,임대료(천원/㎡),22.378811292311102
2018,1Q,서울,계,중소형,공실률(%),9.885658970674168
2018,1Q,서울,계,중소형,동수(동),346
2018,1Q,서울,계,중소형,임대료(천원/㎡),18.321590541009837
2018,1Q,서울,소계(강남지역),대형,공실률(%),10.648331988652119
2018,1Q,서울,소계(강남지역),대형,동수(동),14
2018,1Q,서울,소계(강남지역),대형,임대료(천원/㎡),24.94083897034962
2018,1Q,서울,소계(강남지역),전체,공실률(%),9.099175444128194
2018,1Q,서울,소계(강남지역),전체,동수(동),133
2018,1Q,서울,소계(강남지역),전체,임대료(천원/㎡),22.75981194398788
2018,1Q,서울,소계(강남지역),중소형,공실률(%),7.800942535523303
2018,1Q,서울,소계(강남지역),중소형,동수(동),119
2018,1Q,서울,소계(강남지역),중소형,임대료(천원/㎡),20.681002813775336
2018,1Q,서울,소계(기타지역),대형,공실률(%),27.69671832222108
2018,1Q,서울,소계(기타지역),대형,동수(동),2
2018,1Q,서울,소계(기타지역),대형,임대료(천원/㎡),12.775489933944854
2018,1Q,서울,소계(기타지역),전체,공실률(%),15.360363044110613
2018,1Q,서울,소계(기타지역),전체,동수(동),76
2018,1Q,서울,소계(기타지역),전체,임대료(천원/㎡),13.782100465783875
2018,1Q,서울,소계(기타지역),중소형,공실률(%),12.230711623927428
2018,1Q,서울,소계(기타지역),중소형,동수(동),74
2018,1Q,서울,소계(기타지역),중소형,임대료(천원/㎡),14.104571450610992
2018,1Q,서울,소계(도심지역),대형,공실률(%),17.64226752313411
2018,1Q,서울,소계(도심지역),대형,동수(동),19
2018,1Q,서울,소계(도심지역),대형,임대료(천원/㎡),31.10049534592637
2018,1Q,서울,소계(도심지역),전체,공실률(%),16.222342685258916
2018,1Q,서울,소계(도심지역),전체,동수(동),97
2018,1Q,서울,소계(도심지역),전체,임대료(천원/㎡),28.12694166622085
2018,1Q,서울,소계(도심지역),중소형,공실률(%),13.015450957952751
2018,1Q,서울,소계(도심지역),중소형,동수(동),78
2018,1Q,서울,소계(도심지역),중소형,임대료(천원/㎡),20.7498307047295
2018,1Q,서울,소계(여의도마포지역),대형,공실률(%),13.185143398515581
2018,1Q,서울,소계(여의도마포지역),대형,동수(동),8
2018,1Q,서울,소계(여의도마포지역),대형,임대료(천원/㎡),22.968532693426088
2018,1Q,서울,소계(여의도마포지역),전체,공실률(%),10.443670074497058
2018,1Q,서울,소계(여의도마포지역),전체,동수(동),47
2018,1Q,서울,소계(여의도마포지역),전체,임대료(천원/㎡),18.95723848215452
2018,1Q,서울,소계(여의도마포지역),중소형,공실률(%),7.757985272588712
2018,1Q,서울,소계(여의도마포지역),중소형,동수(동),39
2018,1Q,서울,소계(여의도마포지역),중소형,임대료(천원/㎡),14.854358838673503
2018,2Q,서울,계,대형,공실률(%),12.78477296123075
2018,2Q,서울,계,대형,동수(동),58
2018,2Q,서울,계,대형,임대료(천원/㎡),25.016634934711092
2018,2Q,서울,계,전체,공실률(%),12.11188548982616
2018,2Q,서울,계,전체,동수(동),404
2018,2Q,서울,계,전체,임대료(천원/㎡),22.396777339250175
2018,2Q,서울,계,중소형,공실률(%),11.167000635029787
2018,2Q,서울,계,중소형,동수(동),346
2018,2Q,서울,계,중소형,임대료(천원/㎡),18.30381834606883
2018,2Q,서울,소계(강남지역),대형,공실률(%),10.904276988770473
2018,2Q,서울,소계(강남지역),대형,동수(동),14
2018,2Q,서울,소계(강남지역),대형,임대료(천원/㎡),24.907369153175917
2018,2Q,서울,소계(강남지역),전체,공실률(%),9.35293279222072
2018,2Q,서울,소계(강남지역),전체,동수(동),133
2018,2Q,서울,소계(강남지역),전체,임대료(천원/㎡),22.738384322874808
2018,2Q,서울,소계(강남지역),중소형,공실률(%),8.052868074420191
2018,2Q,서울,소계(강남지역),중소형,동수(동),119
2018,2Q,서울,소계(강남지역),중소형,임대료(천원/㎡),20.671052785862162
2018,2Q,서울,소계(기타지역),대형,공실률(%),27.387773785780382
2018,2Q,서울,소계(기타지역),대형,동수(동),2
2018,2Q,서울,소계(기타지역),대형,임대료(천원/㎡),12.806571689720029
2018,2Q,서울,소계(기타지역),전체,공실률(%),15.294887069531127
2018,2Q,서울,소계(기타지역),전체,동수(동),76
2018,2Q,서울,소계(기타지역),전체,임대료(천원/㎡),13.80600836251917
2018,2Q,서울,소계(기타지역),중소형,공실률(%),12.2261558722595
2018,2Q,서울,소계(기타지역),중소형,동수(동),74
2018,2Q,서울,소계(기타지역),중소형,임대료(천원/㎡),14.126014429996125
2018,2Q,서울,소계(도심지역),대형,공실률(%),15.227662069761594
2018,2Q,서울,소계(도심지역),대형,동수(동),19
2018,2Q,서울,소계(도심지역),대형,임대료(천원/㎡),31.260882581607337
2018,2Q,서울,소계(도심지역),전체,공실률(%),15.553026766498279
2018,2Q,서울,소계(도심지역),전체,동수(동),97
2018,2Q,서울,소계(도심지역),전체,임대료(천원/㎡),28.24051870165264
2018,2Q,서울,소계(도심지역),중소형,공실률(%),16.28786091108684
2018,2Q,서울,소계(도심지역),중소형,동수(동),78
2018,2Q,서울,소계(도심지역),중소형,임대료(천원/㎡),20.74727597374165
2018,2Q,서울,소계(여의도마포지역),대형,공실률(%),12.54986511403964
2018,2Q,서울,소계(여의도마포지역),대형,동수(동),8
2018,2Q,서울,소계(여의도마포지역),대형,임대료(천원/㎡),22.811980231468862
2018,2Q,서울,소계(여의도마포지역),전체,공실률(%),10.776612133632407
2018,2Q,서울,소계(여의도마포지역),전체,동수(동),47
2018,2Q,서울,소계(여의도마포지역),전체,임대료(천원/㎡),18.809220847274986
2018,2Q,서울,소계(여의도마포지역),중소형,공실률(%),9.039444553815311
2018,2Q,서울,소계(여의도마포지역),중소형,동수(동),39
2018,2Q,서울,소계(여의도마포지역),중소형,임대료(천원/㎡),14.71507089711321
2018,3Q,서울,계,대형,공실률(%),12.25440687998053
2018,3Q,서울,계,대형,동수(동),58
2018,3Q,서울,계,대형,임대료(천원/㎡),25.016438491981575
2018,3Q,서울,계,전체,공실률(%),11.576706899367002
2018,3Q,서울,계,전체,동수(동),404
2018,3Q,서울,계,전체,임대료(천원/㎡),22.385910106458347
2018,3Q,서울,계,중소형,공실률(%),10.624524705154528
2018,3Q,서울,계,중소형,동수(동),346
2018,3Q,서울,계,중소형,임대료(천원/㎡),18.276540413505586
2018,3Q,서울,소계(강남지역),대형,공실률(%),11.10558228078292
2018,3Q,서울,소계(강남지역),대형,동수(동),14
2018,3Q,서울,소계(강남지역),대형,임대료(천원/㎡),24.893474263103684
2018,3Q,서울,소계(강남지역),전체,공실률(%),8.88834658404069
2018,3Q,서울,소계(강남지역),전체,동수(동),133
2018,3Q,서울,소계(강남지역),전체,임대료(천원/㎡),22.71998795509885
2018,3Q,서울,소계(강남지역),중소형,공실률(%),7.030248357487648
2018,3Q,서울,소계(강남지역),중소형,동수(동),119
2018,3Q,서울,소계(강남지역),중소형,임대료(천원/㎡),20.648365910061408
2018,3Q,서울,소계(기타지역),대형,공실률(%),26.005526754622448
2018,3Q,서울,소계(기타지역),대형,동수(동),2
2018,3Q,서울,소계(기타지역),대형,임대료(천원/㎡),12.821848989449881
2018,3Q,서울,소계(기타지역),전체,공실률(%),13.577602009749068
2018,3Q,서울,소계(기타지역),전체,동수(동),76
2018,3Q,서울,소계(기타지역),전체,임대료(천원/㎡),13.775411359890292
2018,3Q,서울,소계(기타지역),중소형,공실률(%),10.412048041406587
2018,3Q,서울,소계(기타지역),중소형,동수(동),74
2018,3Q,서울,소계(기타지역),중소형,임대료(천원/㎡),14.080590470442024
2018,3Q,서울,소계(도심지역),대형,공실률(%),14.18210377656317
2018,3Q,서울,소계(도심지역),대형,동수(동),19
2018,3Q,서울,소계(도심지역),대형,임대료(천원/㎡),31.33557369563596
2018,3Q,서울,소계(도심지역),전체,공실률(%),15.022936937396322
2018,3Q,서울,소계(도심지역),전체,동수(동),97
2018,3Q,서울,소계(도심지역),전체,임대료(천원/㎡),28.299192332768428
2018,3Q,서울,소계(도심지역),중소형,공실률(%),16.9219546128082
2018,3Q,서울,소계(도심지역),중소형,동수(동),78
2018,3Q,서울,소계(도심지역),중소형,임대료(천원/㎡),20.76622770369621
2018,3Q,서울,소계(여의도마포지역),대형,공실률(%),12.253510295529956
2018,3Q,서울,소계(여의도마포지역),대형,동수(동),8
2018,3Q,서울,소계(여의도마포지역),대형,임대료(천원/㎡),22.61310161720867
2018,3Q,서울,소계(여의도마포지역),전체,공실률(%),10.642594909819692
2018,3Q,서울,소계(여의도마포지역),전체,동수(동),47
2018,3Q,서울,소계(여의도마포지역),전체,임대료(천원/㎡),18.675409679050706
2018,3Q,서울,소계(여의도마포지역),중소형,공실률(%),9.064461381888579
2018,3Q,서울,소계(여의도마포지역),중소형,동수(동),39
2018,3Q,서울,소계(여의도마포지역),중소형,임대료(천원/㎡),14.647812787760529
2018,4Q,서울,계,대형,공실률(%),12.298556252318505
2018,4Q,서울,계,대형,동수(동),58
2018,4Q,서울,계,대형,임대료(천원/㎡),25.005207673803266
2018,4Q,서울,계,전체,공실률(%),11.357268502996561
2018,4Q,서울,계,전체,동수(동),404
2018,4Q,서울,계,전체,임대료(천원/㎡),22.36305414979264
2018,4Q,서울,계,중소형,공실률(%),10.035079025720416
2018,4Q,서울,계,중소형,동수(동),346
2018,4Q,서울,계,중소형,임대료(천원/㎡),18.23803698161096
2018,4Q,서울,소계(강남지역),대형,공실률(%),9.870530658136307
2018,4Q,서울,소계(강남지역),대형,동수(동),14
2018,4Q,서울,소계(강남지역),대형,임대료(천원/㎡),24.80899552452644
2018,4Q,서울,소계(강남지역),전체,공실률(%),8.419154362020931
2018,4Q,서울,소계(강남지역),전체,동수(동),133
2018,4Q,서울,소계(강남지역),전체,임대료(천원/㎡),22.67755355721139
2018,4Q,서울,소계(강남지역),중소형,공실률(%),7.2029816104581705
2018,4Q,서울,소계(강남지역),중소형,동수(동),119
2018,4Q,서울,소계(강남지역),중소형,임대료(천원/㎡),20.64622071303595
2018,4Q,서울,소계(기타지역),대형,공실률(%),26.005526754622448
2018,4Q,서울,소계(기타지역),대형,동수(동),2
2018,4Q,서울,소계(기타지역),대형,임대료(천원/㎡),12.843623180271587
2018,4Q,서울,소계(기타지역),전체,공실률(%),14.005091676027146
2018,4Q,서울,소계(기타지역),전체,동수(동),76
2018,4Q,서울,소계(기타지역),전체,임대료(천원/㎡),13.771853221545012
2018,4Q,서울,소계(기타지역),중소형,공실률(%),10.948424882115795
2018,4Q,서울,소계(기타지역),중소형,동수(동),74
2018,4Q,서울,소계(기타지역),중소형,임대료(천원/㎡),14.06892494665135
2018,4Q,서울,소계(도심지역),대형,공실률(%),14.167386451004461
2018,4Q,서울,소계(도심지역),대형,동수(동),19
2018,4Q,서울,소계(도심지역),대형,임대료(천원/㎡),31.356323435707193
2018,4Q,서울,소계(도심지역),전체,공실률(%),14.458191226154948
2018,4Q,서울,소계(도심지역),전체,동수(동),97
2018,4Q,서울,소계(도심지역),전체,임대료(천원/㎡),28.259785559745616
2018,4Q,서울,소계(도심지역),중소형,공실률(%),15.11497242108042
2018,4Q,서울,소계(도심지역),중소형,동수(동),78
2018,4Q,서울,소계(도심지역),중소형,임대료(천원/㎡),20.577578516368163
2018,4Q,서울,소계(여의도마포지역),대형,공실률(%),15.108020845981216
2018,4Q,서울,소계(여의도마포지역),대형,동수(동),8
2018,4Q,서울,소계(여의도마포지역),대형,임대료(천원/㎡),22.605059880646074
2018,4Q,서울,소계(여의도마포지역),전체,공실률(%),11.307925514411425
2018,4Q,서울,소계(여의도마포지역),전체,동수(동),47
2018,4Q,서울,소계(여의도마포지역),전체,임대료(천원/㎡),18.70776735223563
2018,4Q,서울,소계(여의도마포지역),중소형,공실률(%),7.589903481350382
2018,4Q,서울,소계(여의도마포지역),중소형,동수(동),39
2018,4Q,서울,소계(여의도마포지역),중소형,임대료(천원/㎡),14.733985076923561
2019,1Q,서울,계,대형,공실률(%),11.760612318456538
2019,1Q,서울,계,대형,동수(동),58
2019,1Q,서울,계,대형,임대료(천원/㎡),24.932643507131925
2019,1Q,서울,계,전체,공실률(%),11.019444615746265
2019,1Q,서울,계,전체,동수(동),404
2019,1Q,서울,계,전체,임대료(천원/㎡),22.27403678391533
2019,1Q,서울,계,중소형,공실률(%),9.978949391436728
2019,1Q,서울,계,중소형,동수(동),346
2019,1Q,서울,계,중소형,임대료(천원/㎡),18.122420597387055
2019,1Q,서울,소계(강남지역),대형,공실률(%),9.136008963336934
2019,1Q,서울,소계(강남지역),대형,동수(동),14
2019,1Q,서울,소계(강남지역),대형,임대료(천원/㎡),24.583587147647492
2019,1Q,서울,소계(강남지역),전체,공실률(%),8.10797192885142
2019,1Q,서울,소계(강남지역),전체,동수(동),133
2019,1Q,서울,소계(강남지역),전체,임대료(천원/㎡),22.544524470161825
2019,1Q,서울,소계(강남지역),중소형,공실률(%),7.246702583944377
2019,1Q,서울,소계(강남지역),중소형,동수(동),119
2019,1Q,서울,소계(강남지역),중소형,임대료(천원/㎡),20.59861926076837
2019,1Q,서울,소계(기타지역),대형,공실률(%),26.005526754622448
2019,1Q,서울,소계(기타지역),대형,동수(동),2
2019,1Q,서울,소계(기타지역),대형,임대료(천원/㎡),12.843623180271587
2019,1Q,서울,소계(기타지역),전체,공실률(%),13.811509504367534
2019,1Q,서울,소계(기타지역),전체,동수(동),75
2019,1Q,서울,소계(기타지역),전체,임대료(천원/㎡),13.741260490935922
2019,1Q,서울,소계(기타지역),중소형,공실률(%),10.656133195464013
2019,1Q,서울,소계(기타지역),중소형,동수(동),73
2019,1Q,서울,소계(기타지역),중소형,임대료(천원/㎡),14.034123946977921
2019,1Q,서울,소계(도심지역),대형,공실률(%),14.185746088815185
2019,1Q,서울,소계(도심지역),대형,동수(동),18
2019,1Q,서울,소계(도심지역),대형,임대료(천원/㎡),30.94141912543201
2019,1Q,서울,소계(도심지역),전체,공실률(%),14.502775042424048
2019,1Q,서울,소계(도심지역),전체,동수(동),94
2019,1Q,서울,소계(도심지역),전체,임대료(천원/㎡),27.867874303533796
2019,1Q,서울,소계(도심지역),중소형,공실률(%),15.202037589223973
2019,1Q,서울,소계(도심지역),중소형,동수(동),76
2019,1Q,서울,소계(도심지역),중소형,임대료(천원/㎡),20.418094837809754
2019,1Q,서울,소계(여의도마포지역),대형,공실률(%),15.63880117811436
2019,1Q,서울,소계(여의도마포지역),대형,동수(동),8
2019,1Q,서울,소계(여의도마포지역),대형,임대료(천원/㎡),22.51012466850357
2019,1Q,서울,소계(여의도마포지역),전체,공실률(%),12.033981554102315
2019,1Q,서울,소계(여의도마포지역),전체,동수(동),47
2019,1Q,서울,소계(여의도마포지역),전체,임대료(천원/㎡),18.609228201994533
2019,1Q,서울,소계(여의도마포지역),중소형,공실률(%),8.519043574909805
2019,1Q,서울,소계(여의도마포지역),중소형,동수(동),39
2019,1Q,서울,소계(여의도마포지역),중소형,임대료(천원/㎡),14.65648008759362
2019,2Q,서울,계,대형,공실률(%),10.177088238674203
2019,2Q,서울,계,대형,동수(동),58
2019,2Q,서울,계,대형,임대료(천원/㎡),24.927139695020795
2019,2Q,서울,계,전체,공실률(%),10.203984111235119
2019,2Q,서울,계,전체,동수(동),404
2019,2Q,서울,계,전체,임대료(천원/㎡),22.274015126028875
2019,2Q,서울,계,중소형,공실률(%),10.241706429528845
2019,2Q,서울,계,중소형,동수(동),346
2019,2Q,서울,계,중소형,임대료(천원/㎡),18.119879647861424
2019,2Q,서울,소계(강남지역),대형,공실률(%),8.117620283160795
2019,2Q,서울,소계(강남지역),대형,동수(동),14
2019,2Q,서울,소계(강남지역),대형,임대료(천원/㎡),24.556878893727756
2019,2Q,서울,소계(강남지역),전체,공실률(%),7.9220636433859
2019,2Q,서울,소계(강남지역),전체,동수(동),133
2019,2Q,서울,소계(강남지역),전체,임대료(천원/㎡),22.55439095329226
2019,2Q,서울,소계(강남지역),중소형,공실률(%),7.758236404724952
2019,2Q,서울,소계(강남지역),중소형,동수(동),119
2019,2Q,서울,소계(강남지역),중소형,임대료(천원/㎡),20.643468651569925
2019,2Q,서울,소계(기타지역),대형,공실률(%),18.820245534013505
2019,2Q,서울,소계(기타지역),대형,동수(동),2
2019,2Q,서울,소계(기타지역),대형,임대료(천원/㎡),12.83668237519004
2019,2Q,서울,소계(기타지역),전체,공실률(%),11.809725357960394
2019,2Q,서울,소계(기타지역),전체,동수(동),75
2019,2Q,서울,소계(기타지역),전체,임대료(천원/㎡),13.758591758473877
2019,2Q,서울,소계(기타지역),중소형,공실률(%),9.995653028667464
2019,2Q,서울,소계(기타지역),중소형,동수(동),73
2019,2Q,서울,소계(기타지역),중소형,임대료(천원/㎡),14.059374229231729
2019,2Q,서울,소계(도심지역),대형,공실률(%),12.3255855910976
2019,2Q,서울,소계(도심지역),대형,동수(동),18
2019,2Q,서울,소계(도심지역),대형,임대료(천원/㎡),30.902227629440375
2019,2Q,서울,소계(도심지역),전체,공실률(%),12.927509774188822
2019,2Q,서울,소계(도심지역),전체,동수(동),94
2019,2Q,서울,소계(도심지역),전체,임대료(천원/㎡),27.82729961369627
2019,2Q,서울,소계(도심지역),중소형,공실률(%),14.267043070898822
2019,2Q,서울,소계(도심지역),중소형,동수(동),76
2019,2Q,서울,소계(도심지역),중소형,임대료(천원/㎡),20.325181415471217
2019,2Q,서울,소계(여의도마포지역),대형,공실률(%),11.701643832872485
2019,2Q,서울,소계(여의도마포지역),대형,동수(동),8
2019,2Q,서울,소계(여의도마포지역),대형,임대료(천원/㎡),22.599094891566185
2019,2Q,서울,소계(여의도마포지역),전체,공실률(%),10.723149181104395
2019,2Q,서울,소계(여의도마포지역),전체,동수(동),47
2019,2Q,서울,소계(여의도마포지역),전체,임대료(천원/㎡),18.673997828868277
2019,2Q,서울,소계(여의도마포지역),중소형,공실률(%),9.78894922963716
2019,2Q,서울,소계(여의도마포지역),중소형,동수(동),39
2019,2Q,서울,소계(여의도마포지역),중소형,임대료(천원/㎡),14.656818690833553
2019,3Q,서울,계,대형,공실률(%),9.749678197500337
2019,3Q,서울,계,대형,동수(동),58
2019,3Q,서울,계,대형,임대료(천원/㎡),24.969457619792024
2019,3Q,서울,계,전체,공실률(%),9.761350921979917
2019,3Q,서울,계,전체,동수(동),404
2019,3Q,서울,계,전체,임대료(천원/㎡),22.289779819739447
2019,3Q,서울,계,중소형,공실률(%),9.777722321412455
2019,3Q,서울,계,중소형,동수(동),346
2019,3Q,서울,계,중소형,임대료(천원/㎡),18.094068160741998
2019,3Q,서울,소계(강남지역),대형,공실률(%),8.210200353005922
2019,3Q,서울,소계(강남지역),대형,동수(동),14
2019,3Q,서울,소계(강남지역),대형,임대료(천원/㎡),24.546406549031097
2019,3Q,서울,소계(강남지역),전체,공실률(%),7.683784949110731
2019,3Q,서울,소계(강남지역),전체,동수(동),133
2019,3Q,서울,소계(강남지역),전체,임대료(천원/㎡),22.54880046328785
2019,3Q,서울,소계(강남지역),중소형,공실률(%),7.242781349805645
2019,3Q,서울,소계(강남지역),중소형,동수(동),119
2019,3Q,서울,소계(강남지역),중소형,임대료(천원/㎡),20.642536788874484
2019,3Q,서울,소계(기타지역),대형,공실률(%),15.912900394527222
2019,3Q,서울,소계(기타지역),대형,동수(동),2
2019,3Q,서울,소계(기타지역),대형,임대료(천원/㎡),12.836547019065938
2019,3Q,서울,소계(기타지역),전체,공실률(%),11.261623089219086
2019,3Q,서울,소계(기타지역),전체,동수(동),75
2019,3Q,서울,소계(기타지역),전체,임대료(천원/㎡),13.749058071113192
2019,3Q,서울,소계(기타지역),중소형,공실률(%),10.058038584284661
2019,3Q,서울,소계(기타지역),중소형,동수(동),73
2019,3Q,서울,소계(기타지역),중소형,임대료(천원/㎡),14.046774239106808
2019,3Q,서울,소계(도심지역),대형,공실률(%),11.242403598590336
2019,3Q,서울,소계(도심지역),대형,동수(동),18
2019,3Q,서울,소계(도심지역),대형,임대료(천원/㎡),30.964660804161586
2019,3Q,서울,소계(도심지역),전체,공실률(%),12.19176525978937
2019,3Q,서울,소계(도심지역),전체,동수(동),94
2019,3Q,서울,소계(도심지역),전체,임대료(천원/㎡),27.865238628334815
2019,3Q,서울,소계(도심지역),중소형,공실률(%),14.304503921998899
2019,3Q,서울,소계(도심지역),중소형,동수(동),76
2019,3Q,서울,소계(도심지역),중소형,임대료(천원/㎡),20.30336030461559
2019,3Q,서울,소계(여의도마포지역),대형,공실률(%),12.427939405278611
2019,3Q,서울,소계(여의도마포지역),대형,동수(동),8
2019,3Q,서울,소계(여의도마포지역),대형,임대료(천원/㎡),22.68375855541427
2019,3Q,서울,소계(여의도마포지역),전체,공실률(%),10.488976052283256
2019,3Q,서울,소계(여의도마포지역),전체,동수(동),47
2019,3Q,서울,소계(여의도마포지역),전체,임대료(천원/㎡),18.657750750579535
2019,3Q,서울,소계(여의도마포지역),중소형,공실률(%),8.637786097394958
2019,3Q,서울,소계(여의도마포지역),중소형,동수(동),39
2019,3Q,서울,소계(여의도마포지역),중소형,임대료(천원/㎡),14.537291369852872
2019,4Q,서울,계,대형,공실률(%),8.602904353520154
2019,4Q,서울,계,대형,동수(동),58
2019,4Q,서울,계,대형,임대료(천원/㎡),24.960750096286628
2019,4Q,서울,계,전체,공실률(%),9.101881973028915
2019,4Q,서울,계,전체,동수(동),404
2019,4Q,서울,계,전체,임대료(천원/㎡),22.286558850751593
2019,4Q,서울,계,중소형,공실률(%),9.80171533594563
2019,4Q,서울,계,중소형,동수(동),346
2019,4Q,서울,계,중소형,임대료(천원/㎡),18.09943777706874
2019,4Q,서울,소계(강남지역),대형,공실률(%),7.4672068012037505
2019,4Q,서울,소계(강남지역),대형,동수(동),14
2019,4Q,서울,소계(강남지역),대형,임대료(천원/㎡),24.54940151622373
2019,4Q,서울,소계(강남지역),전체,공실률(%),7.427552218869985
2019,4Q,서울,소계(강남지역),전체,동수(동),133
2019,4Q,서울,소계(강남지역),전체,임대료(천원/㎡),22.542202097152163
2019,4Q,서울,소계(강남지역),중소형,공실률(%),7.394331660716233
2019,4Q,서울,소계(강남지역),중소형,동수(동),119
2019,4Q,서울,소계(강남지역),중소형,임대료(천원/㎡),20.626783753572123
2019,4Q,서울,소계(기타지역),대형,공실률(%),15.912900394527224
2019,4Q,서울,소계(기타지역),대형,동수(동),2
2019,4Q,서울,소계(기타지역),대형,임대료(천원/㎡),12.836547019065938
2019,4Q,서울,소계(기타지역),전체,공실률(%),11.545028031052109
2019,4Q,서울,소계(기타지역),전체,동수(동),75
2019,4Q,서울,소계(기타지역),전체,임대료(천원/㎡),13.73752661359145
2019,4Q,서울,소계(기타지역),중소형,공실률(%),10.414778606832563
2019,4Q,서울,소계(기타지역),중소형,동수(동),73
2019,4Q,서울,소계(기타지역),중소형,임대료(천원/㎡),14.031480524309332
2019,4Q,서울,소계(도심지역),대형,공실률(%),8.747271967522677
2019,4Q,서울,소계(도심지역),대형,동수(동),18
2019,4Q,서울,소계(도심지역),대형,임대료(천원/㎡),30.957443288111836
2019,4Q,서울,소계(도심지역),전체,공실률(%),10.406301459224526
2019,4Q,서울,소계(도심지역),전체,동수(동),94
2019,4Q,서울,소계(도심지역),전체,임대료(천원/㎡),27.875065660898898
2019,4Q,서울,소계(도심지역),중소형,공실률(%),14.098356755029728
2019,4Q,서울,소계(도심지역),중소형,동수(동),76
2019,4Q,서울,소계(도심지역),중소형,임대료(천원/㎡),20.35477212150038
2019,4Q,서울,소계(여의도마포지역),대형,공실률(%),11.437321320197617
2019,4Q,서울,소계(여의도마포지역),대형,동수(동),8
2019,4Q,서울,소계(여의도마포지역),대형,임대료(천원/㎡),22.626627260222442
2019,4Q,서울,소계(여의도마포지역),전체,공실률(%),10.463680748837776
2019,4Q,서울,소계(여의도마포지역),전체,동수(동),47
2019,4Q,서울,소계(여의도마포지역),전체,임대료(천원/㎡),18.627211337078066
2019,4Q,서울,소계(여의도마포지역),중소형,공실률(%),9.534115142252864
2019,4Q,서울,소계(여의도마포지역),중소형,동수(동),39
2019,4Q,서울,소계(여의도마포지역),중소형,임대료(천원/㎡),14.533967693049831
2020,1Q,서울,계,대형,공실률(%),7.70433312300732
2020,1Q,서울,계,대형,동수(동),58
2020,1Q,서울,계,대형,임대료(천원/㎡),25.101598898431945
2020,1Q,서울,계,전체,공실률(%),8.634470133358192
2020,1Q,서울,계,전체,동수(동),404
2020,1Q,서울,계,전체,임대료(천원/㎡),22.436694065494798
2020,1Q,서울,계,중소형,공실률(%),9.93337153999591
2020,1Q,서울,계,중소형,동수(동),346
2020,1Q,서울,계,중소형,임대료(천원/㎡),18.281433612621004
2020,1Q,서울,소계(강남지역),대형,공실률(%),5.6621461562158215
2020,1Q,서울,소계(강남지역),대형,동수(동),14
2020,1Q,서울,소계(강남지역),대형,임대료(천원/㎡),25.475810943330384
2020,1Q,서울,소계(강남지역),전체,공실률(%),6.717429953295573
2020,1Q,서울,소계(강남지역),전체,동수(동),133
2020,1Q,서울,소계(강남지역),전체,임대료(천원/㎡),23.32434853554434
2020,1Q,서울,소계(강남지역),중소형,공실률(%),7.601464051182749
2020,1Q,서울,소계(강남지역),중소형,동수(동),119
2020,1Q,서울,소계(강남지역),중소형,임대료(천원/㎡),21.270742446084906
2020,1Q,서울,소계(기타지역),대형,공실률(%),12.771332446374645
2020,1Q,서울,소계(기타지역),대형,동수(동),2
2020,1Q,서울,소계(기타지역),대형,임대료(천원/㎡),12.651654818215933
2020,1Q,서울,소계(기타지역),전체,공실률(%),11.274839430374888
2020,1Q,서울,소계(기타지역),전체,동수(동),75
2020,1Q,서울,소계(기타지역),전체,임대료(천원/㎡),13.603891553050001
2020,1Q,서울,소계(기타지역),중소형,공실률(%),10.886918463686069
2020,1Q,서울,소계(기타지역),중소형,동수(동),73
2020,1Q,서울,소계(기타지역),중소형,임대료(천원/㎡),13.914894032096079
2020,1Q,서울,소계(도심지역),대형,공실률(%),7.841078944688469
2020,1Q,서울,소계(도심지역),대형,동수(동),18
2020,1Q,서울,소계(도심지역),대형,임대료(천원/㎡),31.47363886695655
2020,1Q,서울,소계(도심지역),전체,공실률(%),9.828540136587097
2020,1Q,서울,소계(도심지역),전체,동수(동),94
2020,1Q,서울,소계(도심지역),전체,임대료(천원/㎡),28.13754266845622
2020,1Q,서울,소계(도심지역),중소형,공실률(%),14.168493819500169
2020,1Q,서울,소계(도심지역),중소형,동수(동),76
2020,1Q,서울,소계(도심지역),중소형,임대료(천원/㎡),20.144680965484824
2020,1Q,서울,소계(여의도마포지역),대형,공실률(%),10.262244490483361
2020,1Q,서울,소계(여의도마포지역),대형,동수(동),8
2020,1Q,서울,소계(여의도마포지역),대형,임대료(천원/㎡),21.759959438452977
2020,1Q,서울,소계(여의도마포지역),전체,공실률(%),10.146135028629672
2020,1Q,서울,소계(여의도마포지역),전체,동수(동),47
2020,1Q,서울,소계(여의도마포지역),전체,임대료(천원/㎡),18.20472002535435
2020,1Q,서울,소계(여의도마포지역),중소형,공실률(%),10.035114701352082
2020,1Q,서울,소계(여의도마포지역),중소형,동수(동),39
2020,1Q,서울,소계(여의도마포지역),중소형,임대료(천원/㎡),14.559900318124281
2020,2Q,서울,계,대형,공실률(%),8.534642088883887
2020,2Q,서울,계,대형,동수(동),58
2020,2Q,서울,계,대형,임대료(천원/㎡),25.07510578486979
2020,2Q,서울,계,전체,공실률(%),9.12588424423277
2020,2Q,서울,계,전체,동수(동),404
2020,2Q,서울,계,전체,임대료(천원/㎡),22.407768983084363
2020,2Q,서울,계,중소형,공실률(%),9.952373767101767
2020,2Q,서울,계,중소형,동수(동),346
2020,2Q,서울,계,중소형,임대료(천원/㎡),18.248405696159395
2020,2Q,서울,소계(강남지역),대형,공실률(%),10.432104458078333
2020,2Q,서울,소계(강남지역),대형,동수(동),14
2020,2Q,서울,소계(강남지역),대형,임대료(천원/㎡),25.478752481405802
2020,2Q,서울,소계(강남지역),전체,공실률(%),8.708471772113315
2020,2Q,서울,소계(강남지역),전체,동수(동),133
2020,2Q,서울,소계(강남지역),전체,임대료(천원/㎡),23.285626401469713
2020,2Q,서울,소계(강남지역),중소형,공실률(%),7.266214171688098
2020,2Q,서울,소계(강남지역),중소형,동수(동),119
2020,2Q,서울,소계(강남지역),중소형,임대료(천원/㎡),21.194818876785604
2020,2Q,서울,소계(기타지역),대형,공실률(%),13.44268353331017
2020,2Q,서울,소계(기타지역),대형,동수(동),2
2020,2Q,서울,소계(기타지역),대형,임대료(천원/㎡),12.651654818215933
2020,2Q,서울,소계(기타지역),전체,공실률(%),11.739957725969207
2020,2Q,서울,소계(기타지역),전체,동수(동),75
2020,2Q,서울,소계(기타지역),전체,임대료(천원/㎡),13.579943831070253
2020,2Q,서울,소계(기타지역),중소형,공실률(%),11.298577088620606
2020,2Q,서울,소계(기타지역),중소형,동수(동),73
2020,2Q,서울,소계(기타지역),중소형,임대료(천원/㎡),13.883124934789425
2020,2Q,서울,소계(도심지역),대형,공실률(%),7.618104177694504
2020,2Q,서울,소계(도심지역),대형,동수(동),18
2020,2Q,서울,소계(도심지역),대형,임대료(천원/㎡),31.402078015161752
2020,2Q,서울,소계(도심지역),전체,공실률(%),9.767912959825424
2020,2Q,서울,소계(도심지역),전체,동수(동),94
2020,2Q,서울,소계(도심지역),전체,임대료(천원/㎡),28.090739883195443
2020,2Q,서울,소계(도심지역),중소형,공실률(%),14.492443365747935
2020,2Q,서울,소계(도심지역),중소형,동수(동),76
2020,2Q,서울,소계(도심지역),중소형,임대료(천원/㎡),20.140013823465445
2020,2Q,서울,소계(여의도마포지역),대형,공실률(%),10.150995990883061
2020,2Q,서울,소계(여의도마포지역),대형,동수(동),8
2020,2Q,서울,소계(여의도마포지역),대형,임대료(천원/㎡),21.75867270609916
2020,2Q,서울,소계(여의도마포지역),전체,공실률(%),9.735919839033615
2020,2Q,서울,소계(여의도마포지역),전체,동수(동),47
2020,2Q,서울,소계(여의도마포지역),전체,임대료(천원/㎡),18.19859643773124
2020,2Q,서울,소계(여의도마포지역),중소형,공실률(%),9.339087588572445
2020,2Q,서울,소계(여의도마포지역),중소형,동수(동),39
2020,2Q,서울,소계(여의도마포지역),중소형,임대료(천원/㎡),14.548818002449947
2020,3Q,서울,계,대형,공실률(%),8.289448405691639
2020,3Q,서울,계,대형,동수(동),58
2020,3Q,서울,계,대형,임대료(천원/㎡),25.041366287566134
2020,3Q,서울,계,전체,공실률(%),8.876544029598612
2020,3Q,서울,계,전체,동수(동),404
2020,3Q,서울,계,전체,임대료(천원/㎡),22.38641936339623
2020,3Q,서울,계,중소형,공실률(%),9.697187484683308
2020,3Q,서울,계,중소형,동수(동),346
2020,3Q,서울,계,중소형,임대료(천원/㎡),18.246564149222205
2020,3Q,서울,소계(강남지역),대형,공실률(%),8.848568649195926
2020,3Q,서울,소계(강남지역),대형,동수(동),14
2020,3Q,서울,소계(강남지역),대형,임대료(천원/㎡),25.478460329158384
2020,3Q,서울,소계(강남지역),전체,공실률(%),7.789215973809097
2020,3Q,서울,소계(강남지역),전체,동수(동),133
2020,3Q,서울,소계(강남지역),전체,임대료(천원/㎡),23.280590913105385
2020,3Q,서울,소계(강남지역),중소형,공실률(%),6.902956388016484
2020,3Q,서울,소계(강남지역),중소형,동수(동),119
2020,3Q,서울,소계(강남지역),중소형,임대료(천원/㎡),21.185372788235387
2020,3Q,서울,소계(기타지역),대형,공실률(%),13.44268353331017
2020,3Q,서울,소계(기타지역),대형,동수(동),2
2020,3Q,서울,소계(기타지역),대형,임대료(천원/㎡),12.651654818215933
2020,3Q,서울,소계(기타지역),전체,공실률(%),9.982052112612868
2020,3Q,서울,소계(기타지역),전체,동수(동),75
2020,3Q,서울,소계(기타지역),전체,임대료(천원/㎡),13.653328178930234
2020,3Q,서울,소계(기타지역),중소형,공실률(%),9.084987126864338
2020,3Q,서울,소계(기타지역),중소형,동수(동),73
2020,3Q,서울,소계(기타지역),중소형,임대료(천원/㎡),13.980476761820022
2020,3Q,서울,소계(도심지역),대형,공실률(%),8.172002897369621
2020,3Q,서울,소계(도심지역),대형,동수(동),18
2020,3Q,서울,소계(도심지역),대형,임대료(천원/㎡),31.369003491399905
2020,3Q,서울,소계(도심지역),전체,공실률(%),10.415989199626488
2020,3Q,서울,소계(도심지역),전체,동수(동),94
2020,3Q,서울,소계(도심지역),전체,임대료(천원/㎡),28.04964086525631
2020,3Q,서울,소계(도심지역),중소형,공실률(%),15.347488970028186
2020,3Q,서울,소계(도심지역),중소형,동수(동),76
2020,3Q,서울,소계(도심지역),중소형,임대료(천원/㎡),20.0796475025724
2020,3Q,서울,소계(여의도마포지역),대형,공실률(%),10.753954240163333
2020,3Q,서울,소계(여의도마포지역),대형,동수(동),8
2020,3Q,서울,소계(여의도마포지역),대형,임대료(천원/㎡),21.75834081332177
2020,3Q,서울,소계(여의도마포지역),전체,공실률(%),9.549575029902188
2020,3Q,서울,소계(여의도마포지역),전체,동수(동),47
2020,3Q,서울,소계(여의도마포지역),전체,임대료(천원/㎡),18.196914318798704
2020,3Q,서울,소계(여의도마포지역),중소형,공실률(%),8.398132071093196
2020,3Q,서울,소계(여의도마포지역),중소형,동수(동),39
2020,3Q,서울,소계(여의도마포지역),중소형,임대료(천원/㎡),14.546165993959747
2020,4Q,서울,계,대형,공실률(%),8.009473830142378
2020,4Q,서울,계,대형,동수(동),58
2020,4Q,서울,계,대형,임대료(천원/㎡),25.025952283000088
2020,4Q,서울,계,전체,공실률(%),8.644496979350883
2020,4Q,서울,계,전체,동수(동),404
2020,4Q,서울,계,전체,임대료(천원/㎡),22.3632532808656
2020,4Q,서울,계,중소형,공실률(%),9.532116766706418
2020,4Q,서울,계,중소형,동수(동),346
2020,4Q,서울,계,중소형,임대료(천원/㎡),18.211404554839895
2020,4Q,서울,소계(강남지역),대형,공실률(%),8.274686789256071
2020,4Q,서울,소계(강남지역),대형,동수(동),14
2020,4Q,서울,소계(강남지역),대형,임대료(천원/㎡),25.478396505826154
2020,4Q,서울,소계(강남지역),전체,공실률(%),7.246321521069518
2020,4Q,서울,소계(강남지역),전체,동수(동),133
2020,4Q,서울,소계(강남지역),전체,임대료(천원/㎡),23.27209541925763
2020,4Q,서울,소계(강남지역),중소형,공실률(%),6.3859861504209094
2020,4Q,서울,소계(강남지역),중소형,동수(동),119
2020,4Q,서울,소계(강남지역),중소형,임대료(천원/㎡),21.168839424276687
2020,4Q,서울,소계(기타지역),대형,공실률(%),13.44268353331017
2020,4Q,서울,소계(기타지역),대형,동수(동),2
2020,4Q,서울,소계(기타지역),대형,임대료(천원/㎡),12.644242396783907
2020,4Q,서울,소계(기타지역),전체,공실률(%),10.143657114460977
2020,4Q,서울,소계(기타지역),전체,동수(동),75
2020,4Q,서울,소계(기타지역),전체,임대료(천원/㎡),13.635576470802945
2020,4Q,서울,소계(기타지역),중소형,공실률(%),9.288483382375789
2020,4Q,서울,소계(기타지역),중소형,동수(동),73
2020,4Q,서울,소계(기타지역),중소형,임대료(천원/㎡),13.95934822136085
2020,4Q,서울,소계(도심지역),대형,공실률(%),8.22339465134872
2020,4Q,서울,소계(도심지역),대형,동수(동),18
2020,4Q,서울,소계(도심지역),대형,임대료(천원/㎡),31.356277576478142
2020,4Q,서울,소계(도심지역),전체,공실률(%),10.697254455446691
2020,4Q,서울,소계(도심지역),전체,동수(동),94
2020,4Q,서울,소계(도심지역),전체,임대료(천원/㎡),28.01511449284058
2020,4Q,서울,소계(도심지역),중소형,공실률(%),16.133936062480245
2020,4Q,서울,소계(도심지역),중소형,동수(동),76
2020,4Q,서울,소계(도심지역),중소형,임대료(천원/㎡),19.992776893898185
2020,4Q,서울,소계(여의도마포지역),대형,공실률(%),9.242595146435074
2020,4Q,서울,소계(여의도마포지역),대형,동수(동),8
2020,4Q,서울,소계(여의도마포지역),대형,임대료(천원/㎡),21.66977691999897
2020,4Q,서울,소계(여의도마포지역),전체,공실률(%),8.712055047926254
2020,4Q,서울,소계(여의도마포지역),전체,동수(동),47
2020,4Q,서울,소계(여의도마포지역),전체,임대료(천원/㎡),18.135497627904545
2020,4Q,서울,소계(여의도마포지역),중소형,공실률(%),8.204833854145143
2020,4Q,서울,소계(여의도마포지역),중소형,동수(동),39
2020,4Q,서울,소계(여의도마포지역),중소형,임대료(천원/㎡),14.512577366888564
2021,1Q,서울,계,대형,공실률(%),7.654596827836382
2021,1Q,서울,계,대형,동수(동),58
2021,1Q,서울,계,대형,임대료(천원/㎡),25.126099338233193
2021,1Q,서울,계,전체,공실률(%),8.27320180209437
2021,1Q,서울,계,전체,동수(동),404
2021,1Q,서울,계,전체,임대료(천원/㎡),22.375790124692447
2021,1Q,서울,계,중소형,공실률(%),9.143986319896975
2021,1Q,서울,계,중소형,동수(동),346
2021,1Q,서울,계,중소형,임대료(천원/㎡),18.058703911118727
2021,1Q,서울,소계(강남지역),대형,공실률(%),9.002864543493722
2021,1Q,서울,소계(강남지역),대형,동수(동),14
2021,1Q,서울,소계(강남지역),대형,임대료(천원/㎡),25.505454464173322
2021,1Q,서울,소계(강남지역),전체,공실률(%),7.768480144090771
2021,1Q,서울,소계(강남지역),전체,동수(동),133
2021,1Q,서울,소계(강남지역),전체,임대료(천원/㎡),23.27683930823206
2021,1Q,서울,소계(강남지역),중소형,공실률(%),6.7347846033881344
2021,1Q,서울,소계(강남지역),중소형,동수(동),119
2021,1Q,서울,소계(강남지역),중소형,임대료(천원/㎡),21.15101769972342
2021,1Q,서울,소계(기타지역),대형,공실률(%),0
2021,1Q,서울,소계(기타지역),대형,동수(동),2
2021,1Q,서울,소계(기타지역),대형,임대료(천원/㎡),12.740031074430087
2021,1Q,서울,소계(기타지역),전체,공실률(%),7.021870819090094
2021,1Q,서울,소계(기타지역),전체,동수(동),70
2021,1Q,서울,소계(기타지역),전체,임대료(천원/㎡),13.39543374739696
2021,1Q,서울,소계(기타지역),중소형,공실률(%),8.983243642116054
2021,1Q,서울,소계(기타지역),중소형,동수(동),68
2021,1Q,서울,소계(기타지역),중소형,임대료(천원/㎡),13.626005448158988
2021,1Q,서울,소계(도심지역),대형,공실률(%),8.51322359765374
2021,1Q,서울,소계(도심지역),대형,동수(동),18
2021,1Q,서울,소계(도심지역),대형,임대료(천원/㎡),31.52564721355735
2021,1Q,서울,소계(도심지역),전체,공실률(%),10.418711071153703
2021,1Q,서울,소계(도심지역),전체,동수(동),94
2021,1Q,서울,소계(도심지역),전체,임대료(천원/㎡),28.04342621556395
2021,1Q,서울,소계(도심지역),중소형,공실률(%),14.730347375266456
2021,1Q,서울,소계(도심지역),중소형,동수(동),76
2021,1Q,서울,소계(도심지역),중소형,임대료(천원/㎡),19.42223074395926
2021,1Q,서울,소계(여의도마포지역),대형,공실률(%),11.3876331337702
2021,1Q,서울,소계(여의도마포지역),대형,동수(동),8
2021,1Q,서울,소계(여의도마포지역),대형,임대료(천원/㎡),21.89895788690155
2021,1Q,서울,소계(여의도마포지역),전체,공실률(%),9.67647393443124
2021,1Q,서울,소계(여의도마포지역),전체,동수(동),47
2021,1Q,서울,소계(여의도마포지역),전체,임대료(천원/㎡),18.236204607745087
2021,1Q,서울,소계(여의도마포지역),중소형,공실률(%),8.046768051829837
2021,1Q,서울,소계(여의도마포지역),중소형,동수(동),39
2021,1Q,서울,소계(여의도마포지역),중소형,임대료(천원/㎡),14.487890749050564
2021,2Q,서울,계,대형,공실률(%),7.7591374369832184
2021,2Q,서울,계,대형,동수(동),58
2021,2Q,서울,계,대형,임대료(천원/㎡),25.128942216424417
2021,2Q,서울,계,전체,공실률(%),8.220643451244246
2021,2Q,서울,계,전체,동수(동),404
2021,2Q,서울,계,전체,임대료(천원/㎡),22.36227339047962
2021,2Q,서울,계,중소형,공실률(%),8.87166313275088
2021,2Q,서울,계,중소형,동수(동),346
2021,2Q,서울,계,중소형,임대료(천원/㎡),18.009261503312942
2021,2Q,서울,소계(강남지역),대형,공실률(%),9.106557638011505
2021,2Q,서울,소계(강남지역),대형,동수(동),14
2021,2Q,서울,소계(강남지역),대형,임대료(천원/㎡),25.50594910632769
2021,2Q,서울,소계(강남지역),전체,공실률(%),7.4695194870246
2021,2Q,서울,소계(강남지역),전체,동수(동),133
2021,2Q,서울,소계(강남지역),전체,임대료(천원/㎡),23.261061469405433
2021,2Q,서울,소계(강남지역),중소형,공실률(%),6.094845935311203
2021,2Q,서울,소계(강남지역),중소형,동수(동),119
2021,2Q,서울,소계(강남지역),중소형,임대료(천원/㎡),21.114243274796227
2021,2Q,서울,소계(기타지역),대형,공실률(%),0
2021,2Q,서울,소계(기타지역),대형,동수(동),2
2021,2Q,서울,소계(기타지역),대형,임대료(천원/㎡),12.744264734488986
2021,2Q,서울,소계(기타지역),전체,공실률(%),6.687570782196593
2021,2Q,서울,소계(기타지역),전체,동수(동),70
2021,2Q,서울,소계(기타지역),전체,임대료(천원/㎡),13.39591309019999
2021,2Q,서울,소계(기타지역),중소형,공실률(%),8.555565782703106
2021,2Q,서울,소계(기타지역),중소형,동수(동),68
2021,2Q,서울,소계(기타지역),중소형,임대료(천원/㎡),13.625164016191652
2021,2Q,서울,소계(도심지역),대형,공실률(%),8.906723105885225
2021,2Q,서울,소계(도심지역),대형,동수(동),18
2021,2Q,서울,소계(도심지역),대형,임대료(천원/㎡),31.523796445350904
2021,2Q,서울,소계(도심지역),전체,공실률(%),10.667376686322209
2021,2Q,서울,소계(도심지역),전체,동수(동),94
2021,2Q,서울,소계(도심지역),전체,임대료(천원/㎡),28.03452609082308
2021,2Q,서울,소계(도심지역),중소형,공실률(%),14.650938834770708
2021,2Q,서울,소계(도심지역),중소형,동수(동),76
2021,2Q,서울,소계(도심지역),중소형,임대료(천원/㎡),19.394621930759158
2021,2Q,서울,소계(여의도마포지역),대형,공실률(%),11.106080429700205
2021,2Q,서울,소계(여의도마포지역),대형,동수(동),8
2021,2Q,서울,소계(여의도마포지역),대형,임대료(천원/㎡),21.898957886901545
2021,2Q,서울,소계(여의도마포지역),전체,공실률(%),9.409845954267894
2021,2Q,서울,소계(여의도마포지역),전체,동수(동),47
2021,2Q,서울,소계(여의도마포지역),전체,임대료(천원/㎡),18.185145012884895
2021,2Q,서울,소계(여의도마포지역),중소형,공실률(%),7.7839788948355455
2021,2Q,서울,소계(여의도마포지역),중소형,동수(동),39
2021,2Q,서울,소계(여의도마포지역),중소형,임대료(천원/㎡),14.355866509200727
2021,3Q,서울,계,대형,공실률(%),7.821147524137999
2021,3Q,서울,계,대형,동수(동),59
2021,3Q,서울,계,대형,임대료(천원/㎡),25.096819164591874
2021,3Q,서울,계,전체,공실률(%),7.915034453914853
2021,3Q,서울,계,전체,동수(동),404
2021,3Q,서울,계,전체,임대료(천원/㎡),22.386783049545123
2021,3Q,서울,계,중소형,공실률(%),8.049945176268864
2021,3Q,서울,계,중소형,동수(동),345
2021,3Q,서울,계,중소형,임대료(천원/㎡),18.03779093661164
2021,3Q,서울,소계(강남지역),대형,공실률(%),9.478327367881576
2021,3Q,서울,소계(강남지역),대형,동수(동),14
2021,3Q,서울,소계(강남지역),대형,임대료(천원/㎡),25.510098146922054
2021,3Q,서울,소계(강남지역),전체,공실률(%),6.868637686542057
2021,3Q,서울,소계(강남지역),전체,동수(동),133
2021,3Q,서울,소계(강남지역),전체,임대료(천원/㎡),23.268939811144993
2021,3Q,서울,소계(강남지역),중소형,공실률(%),4.679202007524778
2021,3Q,서울,소계(강남지역),중소형,동수(동),119
2021,3Q,서울,소계(강남지역),중소형,임대료(천원/㎡),21.121000742412555
2021,3Q,서울,소계(기타지역),대형,공실률(%),0.2284690467784992
2021,3Q,서울,소계(기타지역),대형,동수(동),2
2021,3Q,서울,소계(기타지역),대형,임대료(천원/㎡),12.744264734488986
2021,3Q,서울,소계(기타지역),전체,공실률(%),6.66093083914093
2021,3Q,서울,소계(기타지역),전체,동수(동),70
2021,3Q,서울,소계(기타지역),전체,임대료(천원/㎡),13.38997891499395
2021,3Q,서울,소계(기타지역),중소형,공실률(%),8.457667929546046
2021,3Q,서울,소계(기타지역),중소형,동수(동),68
2021,3Q,서울,소계(기타지역),중소형,임대료(천원/㎡),13.617142188727982
2021,3Q,서울,소계(도심지역),대형,공실률(%),8.923149086759723
2021,3Q,서울,소계(도심지역),대형,동수(동),18
2021,3Q,서울,소계(도심지역),대형,임대료(천원/㎡),31.51450816084525
2021,3Q,서울,소계(도심지역),전체,공실률(%),10.538197303135007
2021,3Q,서울,소계(도심지역),전체,동수(동),94
2021,3Q,서울,소계(도심지역),전체,임대료(천원/㎡),28.022640889446578
2021,3Q,서울,소계(도심지역),중소형,공실률(%),14.192320416368359
2021,3Q,서울,소계(도심지역),중소형,동수(동),76
2021,3Q,서울,소계(도심지역),중소형,임대료(천원/㎡),19.376306412841934
2021,3Q,서울,소계(여의도마포지역),대형,공실률(%),10.31433221715833
2021,3Q,서울,소계(여의도마포지역),대형,동수(동),9
2021,3Q,서울,소계(여의도마포지역),대형,임대료(천원/㎡),22.051985059782922
2021,3Q,서울,소계(여의도마포지역),전체,공실률(%),8.745185368745299
2021,3Q,서울,소계(여의도마포지역),전체,동수(동),47
2021,3Q,서울,소계(여의도마포지역),전체,임대료(천원/㎡),18.576127863659032
2021,3Q,서울,소계(여의도마포지역),중소형,공실률(%),7.0176956955916205
2021,3Q,서울,소계(여의도마포지역),중소형,동수(동),38
2021,3Q,서울,소계(여의도마포지역),중소형,임대료(천원/㎡),14.455072901753667
2021,4Q,서울,계,대형,공실률(%),7.501385017978807
2021,4Q,서울,계,대형,동수(동),59
2021,4Q,서울,계,대형,임대료(천원/㎡),25.09549435843613
2021,4Q,서울,계,전체,공실률(%),7.837443267707603
2021,4Q,서울,계,전체,동수(동),404
2021,4Q,서울,계,전체,임대료(천원/㎡),22.382079139435522
2021,4Q,서울,계,중소형,공실률(%),8.320339084883287
2021,4Q,서울,계,중소형,동수(동),345
2021,4Q,서울,계,중소형,임대료(천원/㎡),18.027697099697868
2021,4Q,서울,소계(강남지역),대형,공실률(%),8.15023292257175
2021,4Q,서울,소계(강남지역),대형,동수(동),14
2021,4Q,서울,소계(강남지역),대형,임대료(천원/㎡),25.511911687706505
2021,4Q,서울,소계(강남지역),전체,공실률(%),6.600460105058778
2021,4Q,서울,소계(강남지역),전체,동수(동),133
2021,4Q,서울,소계(강남지역),전체,임대료(천원/㎡),23.27682677705758
2021,4Q,서울,소계(강남지역),중소형,공실률(%),5.300277949504216
2021,4Q,서울,소계(강남지역),중소형,동수(동),119
2021,4Q,서울,소계(강남지역),중소형,임대료(천원/㎡),21.134754734953837
2021,4Q,서울,소계(기타지역),대형,공실률(%),0.2284690467784992
2021,4Q,서울,소계(기타지역),대형,동수(동),2
2021,4Q,서울,소계(기타지역),대형,임대료(천원/㎡),12.744264734488986
2021,4Q,서울,소계(기타지역),전체,공실률(%),6.907989254393063
2021,4Q,서울,소계(기타지역),전체,동수(동),70
2021,4Q,서울,소계(기타지역),전체,임대료(천원/㎡),13.393495761522983
2021,4Q,서울,소계(기타지역),중소형,공실률(%),8.773735541045141
2021,4Q,서울,소계(기타지역),중소형,동수(동),68
2021,4Q,서울,소계(기타지역),중소형,임대료(천원/㎡),13.62189626744871
2021,4Q,서울,소계(도심지역),대형,공실률(%),8.923149086759723
2021,4Q,서울,소계(도심지역),대형,동수(동),18
2021,4Q,서울,소계(도심지역),대형,임대료(천원/㎡),31.49224813519882
2021,4Q,서울,소계(도심지역),전체,공실률(%),10.763004369173752
2021,4Q,서울,소계(도심지역),전체,동수(동),94
2021,4Q,서울,소계(도심지역),전체,임대료(천원/㎡),27.98757172415036
2021,4Q,서울,소계(도심지역),중소형,공실률(%),14.92576412105435
2021,4Q,서울,소계(도심지역),중소형,동수(동),76
2021,4Q,서울,소계(도심지역),중소형,임대료(천원/㎡),19.309520089600806
2021,4Q,서울,소계(여의도마포지역),대형,공실률(%),10.021301761130982
2021,4Q,서울,소계(여의도마포지역),대형,동수(동),9
2021,4Q,서울,소계(여의도마포지역),대형,임대료(천원/㎡),22.053198079118694
2021,4Q,서울,소계(여의도마포지역),전체,공실률(%),8.574057756307663
2021,4Q,서울,소계(여의도마포지역),전체,동수(동),47
2021,4Q,서울,소계(여의도마포지역),전체,임대료(천원/㎡),18.575045899021735
2021,4Q,서울,소계(여의도마포지역),중소형,공실률(%),6.980772159491572
2021,4Q,서울,소계(여의도마포지역),중소형,동수(동),38
2021,4Q,서울,소계(여의도마포지역),중소형,임대료(천원/㎡),14.451269952174794
2022,1Q,서울,계,대형,공실률(%),6.608888791761461
2022,1Q,서울,계,대형,동수(동),59
2022,1Q,서울,계,대형,임대료(천원/㎡),25.14236548761037
2022,1Q,서울,계,전체,공실률(%),7.149518859803653
2022,1Q,서울,계,전체,동수(동),404
2022,1Q,서울,계,전체,임대료(천원/㎡),22.49675166454205
2022,1Q,서울,계,중소형,공실률(%),7.926866397465225
2022,1Q,서울,계,중소형,동수(동),345
2022,1Q,서울,계,중소형,임대료(천원/㎡),18.256118751645086
2022,1Q,서울,소계(강남지역),대형,공실률(%),6.373369076671621
2022,1Q,서울,소계(강남지역),대형,동수(동),14
2022,1Q,서울,소계(강남지역),대형,임대료(천원/㎡),25.42750758843051
2022,1Q,서울,소계(강남지역),전체,공실률(%),5.5709416879054094
2022,1Q,서울,소계(강남지역),전체,동수(동),133
2022,1Q,서울,소계(강남지역),전체,임대료(천원/㎡),23.381155452906583
2022,1Q,서울,소계(강남지역),중소형,공실률(%),4.896379531411846
2022,1Q,서울,소계(강남지역),중소형,동수(동),119
2022,1Q,서울,소계(강남지역),중소형,임대료(천원/㎡),21.414351965646134
2022,1Q,서울,소계(기타지역),대형,공실률(%),0.2284690467784992
2022,1Q,서울,소계(기타지역),대형,동수(동),2
2022,1Q,서울,소계(기타지역),대형,임대료(천원/㎡),12.032723501587416
2022,1Q,서울,소계(기타지역),전체,공실률(%),7.594022409359538
2022,1Q,서울,소계(기타지역),전체,동수(동),70
2022,1Q,서울,소계(기타지역),전체,임대료(천원/㎡),13.212042957043776
2022,1Q,서울,소계(기타지역),중소형,공실률(%),9.65139380853688
2022,1Q,서울,소계(기타지역),중소형,동수(동),68
2022,1Q,서울,소계(기타지역),중소형,임대료(천원/㎡),13.626929413571954
2022,1Q,서울,소계(도심지역),대형,공실률(%),9.358059629136783
2022,1Q,서울,소계(도심지역),대형,동수(동),18
2022,1Q,서울,소계(도심지역),대형,임대료(천원/㎡),31.840237432893286
2022,1Q,서울,소계(도심지역),전체,공실률(%),10.910036303168201
2022,1Q,서울,소계(도심지역),전체,동수(동),94
2022,1Q,서울,소계(도심지역),전체,임대료(천원/㎡),28.33818308637817
2022,1Q,서울,소계(도심지역),중소형,공실률(%),14.421571603927774
2022,1Q,서울,소계(도심지역),중소형,동수(동),76
2022,1Q,서울,소계(도심지역),중소형,임대료(천원/㎡),19.71603839395013
2022,1Q,서울,소계(여의도마포지역),대형,공실률(%),5.254987495759132
2022,1Q,서울,소계(여의도마포지역),대형,동수(동),9
2022,1Q,서울,소계(여의도마포지역),대형,임대료(천원/㎡),22.064008261044545
2022,1Q,서울,소계(여의도마포지역),전체,공실률(%),5.895935154208769
2022,1Q,서울,소계(여의도마포지역),전체,동수(동),47
2022,1Q,서울,소계(여의도마포지역),전체,임대료(천원/㎡),18.602790005672933
2022,1Q,서울,소계(여의도마포지역),중소형,공실률(%),6.601560929211018
2022,1Q,서울,소계(여의도마포지역),중소형,동수(동),38
2022,1Q,서울,소계(여의도마포지역),중소형,임대료(천원/㎡),14.499091303251264
2022,2Q,서울,계,대형,공실률(%),6.02013263778358
2022,2Q,서울,계,대형,동수(동),59
2022,2Q,서울,계,대형,임대료(천원/㎡),25.152677287991253
2022,2Q,서울,계,전체,공실률(%),6.512198883141174
2022,2Q,서울,계,전체,동수(동),404
2022,2Q,서울,계,전체,임대료(천원/㎡),22.510653873953505
2022,2Q,서울,계,중소형,공실률(%),7.219612087656848
2022,2Q,서울,계,중소형,동수(동),345
2022,2Q,서울,계,중소형,임대료(천원/㎡),18.27485438344699
2022,2Q,서울,소계(강남지역),대형,공실률(%),4.157661823994644
2022,2Q,서울,소계(강남지역),대형,동수(동),14
2022,2Q,서울,소계(강남지역),대형,임대료(천원/㎡),25.43914956121907
2022,2Q,서울,소계(강남지역),전체,공실률(%),4.099937707399424
2022,2Q,서울,소계(강남지역),전체,동수(동),133
2022,2Q,서울,소계(강남지역),전체,임대료(천원/㎡),23.404177804516003
2022,2Q,서울,소계(강남지역),중소형,공실률(%),4.051433995789341
2022,2Q,서울,소계(강남지역),중소형,동수(동),119
2022,2Q,서울,소계(강남지역),중소형,임대료(천원/㎡),21.448917438796936
2022,2Q,서울,소계(기타지역),대형,공실률(%),0.2284690467784992
2022,2Q,서울,소계(기타지역),대형,동수(동),2
2022,2Q,서울,소계(기타지역),대형,임대료(천원/㎡),12.032723501587416
2022,2Q,서울,소계(기타지역),전체,공실률(%),5.399512005834264
2022,2Q,서울,소계(기타지역),전체,동수(동),70
2022,2Q,서울,소계(기타지역),전체,임대료(천원/㎡),13.215953674625593
2022,2Q,서울,소계(기타지역),중소형,공실률(%),6.843905300427227
2022,2Q,서울,소계(기타지역),중소형,동수(동),68
2022,2Q,서울,소계(기타지역),중소형,임대료(천원/㎡),13.632155966059601
2022,2Q,서울,소계(도심지역),대형,공실률(%),9.263161017562428
2022,2Q,서울,소계(도심지역),대형,동수(동),18
2022,2Q,서울,소계(도심지역),대형,임대료(천원/㎡),31.847570377104436
2022,2Q,서울,소계(도심지역),전체,공실률(%),10.853670949279435
2022,2Q,서울,소계(도심지역),전체,동수(동),94
2022,2Q,서울,소계(도심지역),전체,임대료(천원/㎡),28.349039207960235
2022,2Q,서울,소계(도심지역),중소형,공실률(%),14.452449115501098
2022,2Q,서울,소계(도심지역),중소형,동수(동),76
2022,2Q,서울,소계(도심지역),중소형,임대료(천원/㎡),19.722477546762597
2022,2Q,서울,소계(여의도마포지역),대형,공실률(%),4.8761071129324804
2022,2Q,서울,소계(여의도마포지역),대형,동수(동),9
2022,2Q,서울,소계(여의도마포지역),대형,임대료(천원/㎡),22.094722516029556
2022,2Q,서울,소계(여의도마포지역),전체,공실률(%),5.548093481638185
2022,2Q,서울,소계(여의도마포지역),전체,동수(동),47
2022,2Q,서울,소계(여의도마포지역),전체,임대료(천원/㎡),18.629379370728678
2022,2Q,서울,소계(여의도마포지역),중소형,공실률(%),6.287890087426342
2022,2Q,서울,소계(여의도마포지역),중소형,동수(동),38
2022,2Q,서울,소계(여의도마포지역),중소형,임대료(천원/㎡),14.52079010544692
2022,3Q,서울,계,대형,공실률(%),6.0002972302132385
2022,3Q,서울,계,대형,동수(동),59
2022,3Q,서울,계,대형,임대료(천원/㎡),25.217253453191105
2022,3Q,서울,계,전체,공실률(%),6.438282500359868
2022,3Q,서울,계,전체,동수(동),404
2022,3Q,서울,계,전체,임대료(천원/㎡),22.56216528021595
2022,3Q,서울,계,중소형,공실률(%),7.067952650200486
2022,3Q,서울,계,중소형,동수(동),345
2022,3Q,서울,계,중소형,임대료(천원/㎡),18.305399888997915
2022,3Q,서울,소계(강남지역),대형,공실률(%),3.548093964010323
2022,3Q,서울,소계(강남지역),대형,동수(동),14
2022,3Q,서울,소계(강남지역),대형,임대료(천원/㎡),25.50038985032496
2022,3Q,서울,소계(강남지역),전체,공실률(%),4.049655236439881
2022,3Q,서울,소계(강남지역),전체,동수(동),133
2022,3Q,서울,소계(강남지역),전체,임대료(천원/㎡),23.468959845114636
2022,3Q,서울,소계(강남지역),중소형,공실률(%),4.47110098126265
2022,3Q,서울,소계(강남지역),중소형,동수(동),119
2022,3Q,서울,소계(강남지역),중소형,임대료(천원/㎡),21.517102497789406
2022,3Q,서울,소계(기타지역),대형,공실률(%),0.2284690467784992
2022,3Q,서울,소계(기타지역),대형,동수(동),2
2022,3Q,서울,소계(기타지역),대형,임대료(천원/㎡),12.034481666063703
2022,3Q,서울,소계(기타지역),전체,공실률(%),4.709093905062519
2022,3Q,서울,소계(기타지역),전체,동수(동),70
2022,3Q,서울,소계(기타지역),전체,임대료(천원/㎡),13.220418257017881
2022,3Q,서울,소계(기타지역),중소형,공실률(%),5.960637269164397
2022,3Q,서울,소계(기타지역),중소형,동수(동),68
2022,3Q,서울,소계(기타지역),중소형,임대료(천원/㎡),13.637572533419723
2022,3Q,서울,소계(도심지역),대형,공실률(%),9.034583379367582
2022,3Q,서울,소계(도심지역),대형,동수(동),18
2022,3Q,서울,소계(도심지역),대형,임대료(천원/㎡),31.96404966734904
2022,3Q,서울,소계(도심지역),전체,공실률(%),10.455905278285698
2022,3Q,서울,소계(도심지역),전체,동수(동),94
2022,3Q,서울,소계(도심지역),전체,임대료(천원/㎡),28.434384476750374
2022,3Q,서울,소계(도심지역),중소형,공실률(%),13.671868985898259
2022,3Q,서울,소계(도심지역),중소형,동수(동),76
2022,3Q,서울,소계(도심지역),중소형,임대료(천원/㎡),19.731213185202208
2022,3Q,서울,소계(여의도마포지역),대형,공실률(%),3.382061728019931
2022,3Q,서울,소계(여의도마포지역),대형,동수(동),9
2022,3Q,서울,소계(여의도마포지역),대형,임대료(천원/㎡),22.112744563687052
2022,3Q,서울,소계(여의도마포지역),전체,공실률(%),4.861896886060755
2022,3Q,서울,소계(여의도마포지역),전체,동수(동),47
2022,3Q,서울,소계(여의도마포지역),전체,임대료(천원/㎡),18.648532526275375
2022,3Q,서울,소계(여의도마포지역),중소형,공실률(%),6.491062413857401
2022,3Q,서울,소계(여의도마포지역),중소형,동수(동),38
2022,3Q,서울,소계(여의도마포지역),중소형,임대료(천원/㎡),14.541284328107787
2022,4Q,서울,계,대형,공실률(%),5.775260251152979
2022,4Q,서울,계,대형,동수(동),59
2022,4Q,서울,계,대형,임대료(천원/㎡),25.288491877975773
2022,4Q,서울,계,전체,공실률(%),6.207071488509928
2022,4Q,서울,계,전체,동수(동),404
2022,4Q,서울,계,전체,임대료(천원/㎡),22.610986822569814
2022,4Q,서울,계,중소형,공실률(%),6.827865531283071
2022,4Q,서울,계,중소형,동수(동),345
2022,4Q,서울,계,중소형,임대료(천원/㎡),18.31980606325252
2022,4Q,서울,소계(강남지역),대형,공실률(%),4.109454217261667
2022,4Q,서울,소계(강남지역),대형,동수(동),14
2022,4Q,서울,소계(강남지역),대형,임대료(천원/㎡),25.485069445654688
2022,4Q,서울,소계(강남지역),전체,공실률(%),4.172052663806427
2022,4Q,서울,소계(강남지역),전체,동수(동),133
2022,4Q,서울,소계(강남지역),전체,임대료(천원/㎡),23.459412000791566
2022,4Q,서울,소계(강남지역),중소형,공실률(%),4.2246521175102805
2022,4Q,서울,소계(강남지역),중소형,동수(동),119
2022,4Q,서울,소계(강남지역),중소형,임대료(천원/㎡),21.513101098235616
2022,4Q,서울,소계(기타지역),대형,공실률(%),0.2284690467784992
2022,4Q,서울,소계(기타지역),대형,동수(동),2
2022,4Q,서울,소계(기타지역),대형,임대료(천원/㎡),12.034481666063705
2022,4Q,서울,소계(기타지역),전체,공실률(%),4.660325990996482
2022,4Q,서울,소계(기타지역),전체,동수(동),70
2022,4Q,서울,소계(기타지역),전체,임대료(천원/㎡),13.226013573480104
2022,4Q,서울,소계(기타지역),중소형,공실률(%),5.898247335589719
2022,4Q,서울,소계(기타지역),중소형,동수(동),68
2022,4Q,서울,소계(기타지역),중소형,임대료(천원/㎡),13.645136007545553
2022,4Q,서울,소계(도심지역),대형,공실률(%),8.50991102661379
2022,4Q,서울,소계(도심지역),대형,동수(동),18
2022,4Q,서울,소계(도심지역),대형,임대료(천원/㎡),32.001231197836226
2022,4Q,서울,소계(도심지역),전체,공실률(%),10.057308069311405
2022,4Q,서울,소계(도심지역),전체,동수(동),94
2022,4Q,서울,소계(도심지역),전체,임대료(천원/㎡),28.46172191919537
2022,4Q,서울,소계(도심지역),중소형,공실률(%),13.558536562568598
2022,4Q,서울,소계(도심지역),중소형,동수(동),76
2022,4Q,서울,소계(도심지역),중소형,임대료(천원/㎡),19.743186278937465
2022,4Q,서울,소계(여의도마포지역),대형,공실률(%),3.1852568605332205
2022,4Q,서울,소계(여의도마포지역),대형,동수(동),9
2022,4Q,서울,소계(여의도마포지역),대형,임대료(천원/㎡),22.116667923101186
2022,4Q,서울,소계(여의도마포지역),전체,공실률(%),4.393898021063543
2022,4Q,서울,소계(여의도마포지역),전체,동수(동),47
2022,4Q,서울,소계(여의도마포지역),전체,임대료(천원/㎡),18.652364053782602
2022,4Q,서울,소계(여의도마포지역),중소형,공실률(%),5.724503327683655
2022,4Q,서울,소계(여의도마포지역),중소형,동수(동),38
2022,4Q,서울,소계(여의도마포지역),중소형,임대료(천원/㎡),14.545006977627718
2023,1Q,서울,계,대형,공실률(%),5.8504474775349165
2023,1Q,서울,계,대형,동수(동),59
2023,1Q,서울,계,대형,임대료(천원/㎡),25.400900001217035
2023,1Q,서울,계,전체,공실률(%),6.5045887033708105
2023,1Q,서울,계,전체,동수(동),404
2023,1Q,서울,계,전체,임대료(천원/㎡),22.69578285249112
2023,1Q,서울,계,중소형,공실률(%),7.444841597127988
2023,1Q,서울,계,중소형,동수(동),345
2023,1Q,서울,계,중소형,임대료(천원/㎡),18.35923010443408
2023,1Q,서울,소계(강남지역),대형,공실률(%),3.4181885486032293
2023,1Q,서울,소계(강남지역),대형,동수(동),14
2023,1Q,서울,소계(강남지역),대형,임대료(천원/㎡),25.637316195084377
2023,1Q,서울,소계(강남지역),전체,공실률(%),4.034896801331332
2023,1Q,서울,소계(강남지역),전체,동수(동),133
2023,1Q,서울,소계(강남지역),전체,임대료(천원/㎡),23.573447076079656
2023,1Q,서울,소계(강남지역),중소형,공실률(%),4.552681043976479
2023,1Q,서울,소계(강남지역),중소형,동수(동),119
2023,1Q,서울,소계(강남지역),중소형,임대료(천원/㎡),21.58992280061881
2023,1Q,서울,소계(기타지역),대형,공실률(%),0.2284690467784992
2023,1Q,서울,소계(기타지역),대형,동수(동),2
2023,1Q,서울,소계(기타지역),대형,임대료(천원/㎡),12.034481666063703
2023,1Q,서울,소계(기타지역),전체,공실률(%),5.851313407249697
2023,1Q,서울,소계(기타지역),전체,동수(동),70
2023,1Q,서울,소계(기타지역),전체,임대료(천원/㎡),13.250287153012215
2023,1Q,서울,소계(기타지역),중소형,공실률(%),7.422650630867847
2023,1Q,서울,소계(기타지역),중소형,동수(동),68
2023,1Q,서울,소계(기타지역),중소형,임대료(천원/㎡),13.677947840794289
2023,1Q,서울,소계(도심지역),대형,공실률(%),8.658796435218635
2023,1Q,서울,소계(도심지역),대형,동수(동),18
2023,1Q,서울,소계(도심지역),대형,임대료(천원/㎡),32.10069993734619
2023,1Q,서울,소계(도심지역),전체,공실률(%),10.187570970248139
2023,1Q,서울,소계(도심지역),전체,동수(동),94
2023,1Q,서울,소계(도심지역),전체,임대료(천원/㎡),28.54250113660359
2023,1Q,서울,소계(도심지역),중소형,공실률(%),13.646890788545567
2023,1Q,서울,소계(도심지역),중소형,동수(동),76
2023,1Q,서울,소계(도심지역),중소형,임대료(천원/㎡),19.774167259991632
2023,1Q,서울,소계(여의도마포지역),대형,공실률(%),2.997463561833304
2023,1Q,서울,소계(여의도마포지역),대형,동수(동),9
2023,1Q,서울,소계(여의도마포지역),대형,임대료(천원/㎡),22.118586149548662
2023,1Q,서울,소계(여의도마포지역),전체,공실률(%),4.706628259668569
2023,1Q,서울,소계(여의도마포지역),전체,동수(동),47
2023,1Q,서울,소계(여의도마포지역),전체,임대료(천원/㎡),18.659990712499486
2023,1Q,서울,소계(여의도마포지역),중소형,공실률(%),6.5882650027276
2023,1Q,서울,소계(여의도마포지역),중소형,동수(동),38
2023,1Q,서울,소계(여의도마포지역),중소형,임대료(천원/㎡),14.559401682843983
2023,2Q,서울,계,대형,공실률(%),5.563921476929198
2023,2Q,서울,계,대형,동수(동),59
2023,2Q,서울,계,대형,임대료(천원/㎡),25.507543589941125
2023,2Q,서울,계,전체,공실률(%),6.2150255992923755
2023,2Q,서울,계,전체,동수(동),404
2023,2Q,서울,계,전체,임대료(천원/㎡),22.785095060498023
2023,2Q,서울,계,중소형,공실률(%),7.150933481699016
2023,2Q,서울,계,중소형,동수(동),345
2023,2Q,서울,계,중소형,임대료(천원/㎡),18.420698321325666
2023,2Q,서울,소계(강남지역),대형,공실률(%),3.221503600932183
2023,2Q,서울,소계(강남지역),대형,동수(동),14
2023,2Q,서울,소계(강남지역),대형,임대료(천원/㎡),25.739652861146077
2023,2Q,서울,소계(강남지역),전체,공실률(%),4.275972844353319
2023,2Q,서울,소계(강남지역),전체,동수(동),133
2023,2Q,서울,소계(강남지역),전체,임대료(천원/㎡),23.69396781937846
2023,2Q,서울,소계(강남지역),중소형,공실률(%),5.161298370940902
2023,2Q,서울,소계(강남지역),중소형,동수(동),119
2023,2Q,서울,소계(강남지역),중소형,임대료(천원/㎡),21.727919728959844
2023,2Q,서울,소계(기타지역),대형,공실률(%),0.2284690467784992
2023,2Q,서울,소계(기타지역),대형,동수(동),2
2023,2Q,서울,소계(기타지역),대형,임대료(천원/㎡),12.035901721986859
2023,2Q,서울,소계(기타지역),전체,공실률(%),5.491113837032091
2023,2Q,서울,소계(기타지역),전체,동수(동),70
2023,2Q,서울,소계(기타지역),전체,임대료(천원/㎡),13.27278830220612
2023,2Q,서울,소계(기타지역),중소형,공실률(%),6.961791153256547
2023,2Q,서울,소계(기타지역),중소형,동수(동),68
2023,2Q,서울,소계(기타지역),중소형,임대료(천원/㎡),13.707864283753644
2023,2Q,서울,소계(도심지역),대형,공실률(%),7.942107131894812
2023,2Q,서울,소계(도심지역),대형,동수(동),18
2023,2Q,서울,소계(도심지역),대형,임대료(천원/㎡),32.182685555054185
2023,2Q,서울,소계(도심지역),전체,공실률(%),9.179454783371845
2023,2Q,서울,소계(도심지역),전체,동수(동),94
2023,2Q,서울,소계(도심지역),전체,임대료(천원/㎡),28.60785537398599
2023,2Q,서울,소계(도심지역),중소형,공실률(%),11.979610291898252
2023,2Q,서울,소계(도심지역),중소형,동수(동),76
2023,2Q,서울,소계(도심지역),중소형,임대료(천원/㎡),19.798000388713948
2023,2Q,서울,소계(여의도마포지역),대형,공실률(%),2.9720567364378345
2023,2Q,서울,소계(여의도마포지역),대형,동수(동),9
2023,2Q,서울,소계(여의도마포지역),대형,임대료(천원/㎡),22.144852061407985
2023,2Q,서울,소계(여의도마포지역),전체,공실률(%),4.868327651976632
2023,2Q,서울,소계(여의도마포지역),전체,동수(동),47
2023,2Q,서울,소계(여의도마포지역),전체,임대료(천원/㎡),18.678370161311737
2023,2Q,서울,소계(여의도마포지역),중소형,공실률(%),6.955951526955529
2023,2Q,서울,소계(여의도마포지역),중소형,동수(동),38
2023,2Q,서울,소계(여의도마포지역),중소형,임대료(천원/㎡),14.568430762570792
2023,3Q,서울,계,대형,공실률(%),4.734735355390214
2023,3Q,서울,계,대형,동수(동),59
2023,3Q,서울,계,대형,임대료(천원/㎡),25.601495000695042
2023,3Q,서울,계,전체,공실률(%),5.454765104312733
2023,3Q,서울,계,전체,동수(동),404
2023,3Q,서울,계,전체,임대료(천원/㎡),22.877665283758585
2023,3Q,서울,계,중소형,공실률(%),6.490335067603029
2023,3Q,서울,계,중소형,동수(동),345
2023,3Q,서울,계,중소형,임대료(천원/㎡),18.51044499080898
2023,3Q,서울,소계(강남지역),대형,공실률(%),2.8278679223873824
2023,3Q,서울,소계(강남지역),대형,동수(동),14
2023,3Q,서울,소계(강남지역),대형,임대료(천원/㎡),26.06834720972827
2023,3Q,서울,소계(강남지역),전체,공실률(%),3.7240940411878185
2023,3Q,서울,소계(강남지역),전체,동수(동),133
2023,3Q,서울,소계(강남지역),전체,임대료(천원/㎡),23.946411434806887
2023,3Q,서울,소계(강남지역),중소형,공실률(%),4.476559670942741
2023,3Q,서울,소계(강남지역),중소형,동수(동),119
2023,3Q,서울,소계(강남지역),중소형,임대료(천원/㎡),21.90982465153657
2023,3Q,서울,소계(기타지역),대형,공실률(%),3.0506522916370438
2023,3Q,서울,소계(기타지역),대형,동수(동),2
2023,3Q,서울,소계(기타지역),대형,임대료(천원/㎡),12.014430346820488
2023,3Q,서울,소계(기타지역),전체,공실률(%),6.159077462535739
2023,3Q,서울,소계(기타지역),전체,동수(동),70
2023,3Q,서울,소계(기타지역),전체,임대료(천원/㎡),13.284509841012097
2023,3Q,서울,소계(기타지역),중소형,공실률(%),7.027745328210126
2023,3Q,서울,소계(기타지역),중소형,동수(동),68
2023,3Q,서울,소계(기타지역),중소형,임대료(천원/㎡),13.731261460292211
2023,3Q,서울,소계(도심지역),대형,공실률(%),7.4105046279396705
2023,3Q,서울,소계(도심지역),대형,동수(동),18
2023,3Q,서울,소계(도심지역),대형,임대료(천원/㎡),32.23956050395327
2023,3Q,서울,소계(도심지역),전체,공실률(%),8.337342930928898
2023,3Q,서울,소계(도심지역),전체,동수(동),94
2023,3Q,서울,소계(도심지역),전체,임대료(천원/㎡),28.655929306418003
2023,3Q,서울,소계(도심지역),중소형,공실률(%),10.434806261501764
2023,3Q,서울,소계(도심지역),중소형,동수(동),76
2023,3Q,서울,소계(도심지역),중소형,임대료(천원/㎡),19.8242893381195
2023,3Q,서울,소계(여의도마포지역),대형,공실률(%),2.185583477619434
2023,3Q,서울,소계(여의도마포지역),대형,동수(동),9
2023,3Q,서울,소계(여의도마포지역),대형,임대료(천원/㎡),22.15857633986129
2023,3Q,서울,소계(여의도마포지역),전체,공실률(%),4.011907536923405
2023,3Q,서울,소계(여의도마포지역),전체,동수(동),47
2023,3Q,서울,소계(여의도마포지역),전체,임대료(천원/㎡),18.709966769468796
2023,3Q,서울,소계(여의도마포지역),중소형,공실률(%),6.022526208764411
2023,3Q,서울,소계(여의도마포지역),중소형,동수(동),38
2023,3Q,서울,소계(여의도마포지역),중소형,임대료(천원/㎡),14.621217209334754
2023,4Q,서울,계,대형,공실률(%),4.51904679526135
2023,4Q,서울,계,대형,동수(동),59
2023,4Q,서울,계,대형,임대료(천원/㎡),25.721238207162614
2023,4Q,서울,계,전체,공실률(%),5.54109526162272
2023,4Q,서울,계,전체,동수(동),404
2023,4Q,서울,계,전체,임대료(천원/㎡),22.967851056657526
2023,4Q,서울,계,중소형,공실률(%),7.014285688461825
2023,4Q,서울,계,중소형,동수(동),345
2023,4Q,서울,계,중소형,임대료(천원/㎡),18.547294474120477
2023,4Q,서울,소계(강남지역),대형,공실률(%),2.7714921274838002
2023,4Q,서울,소계(강남지역),대형,동수(동),14
2023,4Q,서울,소계(강남지역),대형,임대료(천원/㎡),26.221107398822944
2023,4Q,서울,소계(강남지역),전체,공실률(%),4.6117187014066054
2023,4Q,서울,소계(강남지역),전체,동수(동),133
2023,4Q,서울,소계(강남지역),전체,임대료(천원/㎡),24.073074615084984
2023,4Q,서울,소계(강남지역),중소형,공실률(%),6.161454691712383
2023,4Q,서울,소계(강남지역),중소형,동수(동),119
2023,4Q,서울,소계(강남지역),중소형,임대료(천원/㎡),22.005449234499267
2023,4Q,서울,소계(기타지역),대형,공실률(%),3.0506522916370438
2023,4Q,서울,소계(기타지역),대형,동수(동),2
2023,4Q,서울,소계(기타지역),대형,임대료(천원/㎡),12.014430346820479
2023,4Q,서울,소계(기타지역),전체,공실률(%),6.784754414128715
2023,4Q,서울,소계(기타지역),전체,동수(동),70
2023,4Q,서울,소계(기타지역),전체,임대료(천원/㎡),13.27775446446013
2023,4Q,서울,소계(기타지역),중소형,공실률(%),7.830023440112087
2023,4Q,서울,소계(기타지역),중소형,동수(동),68
2023,4Q,서울,소계(기타지역),중소형,임대료(천원/㎡),13.720954067503877
2023,4Q,서울,소계(도심지역),대형,공실률(%),7.464931058248539
2023,4Q,서울,소계(도심지역),대형,동수(동),18
2023,4Q,서울,소계(도심지역),대형,임대료(천원/㎡),32.36354447586704
2023,4Q,서울,소계(도심지역),전체,공실률(%),8.198285005677421
2023,4Q,서울,소계(도심지역),전체,동수(동),94
2023,4Q,서울,소계(도심지역),전체,임대료(천원/㎡),28.769595017029996
2023,4Q,서울,소계(도심지역),중소형,공실률(%),9.864024980886189
2023,4Q,서울,소계(도심지역),중소형,동수(동),76
2023,4Q,서울,소계(도심지역),중소형,임대료(천원/㎡),19.8906489299261
2023,4Q,서울,소계(여의도마포지역),대형,공실률(%),1.711915269732105
2023,4Q,서울,소계(여의도마포지역),대형,동수(동),9
2023,4Q,서울,소계(여의도마포지역),대형,임대료(천원/㎡),22.19480341866925
2023,4Q,서울,소계(여의도마포지역),전체,공실률(%),3.720834434267839
2023,4Q,서울,소계(여의도마포지역),전체,동수(동),47
2023,4Q,서울,소계(여의도마포지역),전체,임대료(천원/㎡),18.738496870990463
2023,4Q,서울,소계(여의도마포지역),중소형,공실률(%),5.932473908575671
2023,4Q,서울,소계(여의도마포지역),중소형,동수(동),38
2023,4Q,서울,소계(여의도마포지역),중소형,임대료(천원/㎡),14.640621600377658
2024,1Q,서울,계,대형,공실률(%),4.142745687360321
2024,1Q,서울,계,대형,동수(동),59
2024,1Q,서울,계,대형,임대료(천원/㎡),26.029051811737737
2024,1Q,서울,계,전체,공실률(%),5.369905143756315
2024,1Q,서울,계,전체,동수(동),404
2024,1Q,서울,계,전체,임대료(천원/㎡),23.238084145881928
2024,1Q,서울,계,중소형,공실률(%),7.138850663702698
2024,1Q,서울,계,중소형,동수(동),345
2024,1Q,서울,계,중소형,임대료(천원/㎡),18.754429691100874
2024,1Q,서울,소계(강남지역),대형,공실률(%),2.5302896023182275
2024,1Q,서울,소계(강남지역),대형,동수(동),14
2024,1Q,서울,소계(강남지역),대형,임대료(천원/㎡),26.634276300512745
2024,1Q,서울,소계(강남지역),전체,공실률(%),5.215108910379425
2024,1Q,서울,소계(강남지역),전체,동수(동),133
2024,1Q,서울,소계(강남지역),전체,임대료(천원/㎡),24.476940503616973
2024,1Q,서울,소계(강남지역),중소형,공실률(%),7.4765110412459785
2024,1Q,서울,소계(강남지역),중소형,동수(동),119
2024,1Q,서울,소계(강남지역),중소형,임대료(천원/㎡),22.399990814831806
2024,1Q,서울,소계(기타지역),대형,공실률(%),0.9400683859578165
2024,1Q,서울,소계(기타지역),대형,동수(동),2
2024,1Q,서울,소계(기타지역),대형,임대료(천원/㎡),11.476244089117177
2024,1Q,서울,소계(기타지역),전체,공실률(%),5.653325811580865
2024,1Q,서울,소계(기타지역),전체,동수(동),70
2024,1Q,서울,소계(기타지역),전체,임대료(천원/㎡),13.151976914378695
2024,1Q,서울,소계(기타지역),중소형,공실률(%),6.97268501410918
2024,1Q,서울,소계(기타지역),중소형,동수(동),68
2024,1Q,서울,소계(기타지역),중소형,임대료(천원/㎡),13.754606560532936
2024,1Q,서울,소계(도심지역),대형,공실률(%),6.909574021036915
2024,1Q,서울,소계(도심지역),대형,동수(동),18
2024,1Q,서울,소계(도심지역),대형,임대료(천원/㎡),32.914727499897346
2024,1Q,서울,소계(도심지역),전체,공실률(%),7.660159212600426
2024,1Q,서울,소계(도심지역),전체,동수(동),94
2024,1Q,서울,소계(도심지역),전체,임대료(천원/㎡),29.207656387323414
2024,1Q,서울,소계(도심지역),중소형,공실률(%),9.365038231484162
2024,1Q,서울,소계(도심지역),중소형,동수(동),76
2024,1Q,서울,소계(도심지역),중소형,임대료(천원/㎡),20.049240297561553
2024,1Q,서울,소계(여의도마포지역),대형,공실률(%),1.9936194765933506
2024,1Q,서울,소계(여의도마포지역),대형,동수(동),9
2024,1Q,서울,소계(여의도마포지역),대형,임대료(천원/㎡),22.510784624657518
2024,1Q,서울,소계(여의도마포지역),전체,공실률(%),3.645954117745441
2024,1Q,서울,소계(여의도마포지역),전체,동수(동),47
2024,1Q,서울,소계(여의도마포지역),전체,임대료(천원/㎡),18.966002235224188
2024,1Q,서울,소계(여의도마포지역),중소형,공실률(%),5.465026075268811
2024,1Q,서울,소계(여의도마포지역),중소형,동수(동),38
2024,1Q,서울,소계(여의도마포지역),중소형,임대료(천원/㎡),14.763228004125342
2024,2Q,서울,계,대형,공실률(%),3.939074423070124
2024,2Q,서울,계,대형,동수(동),59
2024,2Q,서울,계,대형,임대료(천원/㎡),26.34110639688474
2024,2Q,서울,계,전체,공실률(%),5.382445563455473
2024,2Q,서울,계,전체,동수(동),404
2024,2Q,서울,계,전체,임대료(천원/㎡),23.513423268269506
2024,2Q,서울,계,중소형,공실률(%),7.462934956385096
2024,2Q,서울,계,중소형,동수(동),345
2024,2Q,서울,계,중소형,임대료(천원/㎡),18.971422838115853
2024,2Q,서울,소계(강남지역),대형,공실률(%),1.934564490098068
2024,2Q,서울,소계(강남지역),대형,동수(동),14
2024,2Q,서울,소계(강남지역),대형,임대료(천원/㎡),26.97563782787311
2024,2Q,서울,소계(강남지역),전체,공실률(%),5.459210200109807
2024,2Q,서울,소계(강남지역),전체,동수(동),133
2024,2Q,서울,소계(강남지역),전체,임대료(천원/㎡),24.86306706500208
2024,2Q,서울,소계(강남지역),중소형,공실률(%),8.427991486521993
2024,2Q,서울,소계(강남지역),중소형,동수(동),119
2024,2Q,서울,소계(강남지역),중소형,임대료(천원/㎡),22.828875823636753
2024,2Q,서울,소계(기타지역),대형,공실률(%),0.956125797954472
2024,2Q,서울,소계(기타지역),대형,동수(동),2
2024,2Q,서울,소계(기타지역),대형,임대료(천원/㎡),11.477561938250336
2024,2Q,서울,소계(기타지역),전체,공실률(%),5.626017554493791
2024,2Q,서울,소계(기타지역),전체,동수(동),70
2024,2Q,서울,소계(기타지역),전체,임대료(천원/㎡),13.199129650569812
2024,2Q,서울,소계(기타지역),중소형,공실률(%),6.93323761642088
2024,2Q,서울,소계(기타지역),중소형,동수(동),68
2024,2Q,서울,소계(기타지역),중소형,임대료(천원/㎡),13.81824251012948
2024,2Q,서울,소계(도심지역),대형,공실률(%),6.868029121092557
2024,2Q,서울,소계(도심지역),대형,동수(동),18
2024,2Q,서울,소계(도심지역),대형,임대료(천원/㎡),33.43843885360281
2024,2Q,서울,소계(도심지역),전체,공실률(%),7.5703506281922195
2024,2Q,서울,소계(도심지역),전체,동수(동),94
2024,2Q,서울,소계(도심지역),전체,임대료(천원/㎡),29.621180259047076
2024,2Q,서울,소계(도심지역),중소형,공실률(%),9.165328276572758
2024,2Q,서울,소계(도심지역),중소형,동수(동),76
2024,2Q,서울,소계(도심지역),중소형,임대료(천원/㎡),20.19655432404945
2024,2Q,서울,소계(여의도마포지역),대형,공실률(%),1.9936194765933506
2024,2Q,서울,소계(여의도마포지역),대형,동수(동),9
2024,2Q,서울,소계(여의도마포지역),대형,임대료(천원/㎡),22.882544543718943
2024,2Q,서울,소계(여의도마포지역),전체,공실률(%),3.557441424290219
2024,2Q,서울,소계(여의도마포지역),전체,동수(동),47
2024,2Q,서울,소계(여의도마포지역),전체,임대료(천원/㎡),19.213653421456907
2024,2Q,서울,소계(여의도마포지역),중소형,공실률(%),5.279068860262559
2024,2Q,서울,소계(여의도마포지역),중소형,동수(동),38
2024,2Q,서울,소계(여의도마포지역),중소형,임대료(천원/㎡),14.863733067723933
